mid_date,mapping,area_count,v_mean,date_dt,poly_area,pixel_area,pixel_overlap
1985-03-29 14:30:57.925833024,0,0,,49 days 23:47:26.557617189,24929572.16853391,0.0,0.0
1985-04-14 14:30:54.476366976,0,1045,1712.3043,31 days 23:59:48.299560549,24945642.17744957,15048000.0,0.6032316142818377
1985-04-30 14:30:49.844966976,0,1011,1565.4451,31 days 23:59:48.629150387,24475595.77684314,14558400.0,0.5948128957814378
1985-06-15 14:42:39.749580032,0,878,1785.1013,31 days 23:59:54.561767576,24784919.75804619,12643200.0,0.5101166404178292
1985-07-03 14:30:35.615649024,0,0,,49 days 23:47:21.613769531,24881720.1318145,0.0,0.0
1985-07-09 14:42:27.567102016,0,206,1624.6311,79 days 23:59:30.336914063,26181662.656155463,2966400.0,0.11330067303050297
1985-07-09 14:42:32.756688000,0,0,,33 days 23:47:24.909667972,26181662.656155463,0.0,0.0
1985-07-09 14:42:33.616228928,0,0,,15 days 23:59:53.161010738,26181662.656155463,0.0,0.0
1985-08-02 14:42:16.918160000,0,0,,81 days 23:46:52.939453126,24902353.40755585,0.0,0.0
1985-08-02 14:42:19.160264064,0,694,1558.6671,63 days 23:59:24.404296873,24902353.40755585,9993600.0,0.4013114678939442
1985-08-02 14:42:20.493289024,0,0,,46 days 00:11:56.528320315,24902353.40755585,0.0,0.0
1985-08-02 14:42:21.433766976,0,0,,31 days 23:59:42.366943360,24902353.40755585,0.0,0.0
1985-08-11 14:36:02.898753984,0,0,,63 days 23:59:21.108398441,24968825.633944094,0.0,0.0
1985-08-11 14:36:04.201230016,0,0,,49 days 23:47:08.100585936,24968825.633944094,0.0,0.0
1985-08-18 14:42:10.894275968,0,0,,46 days 00:11:51.584472657,24860323.76560358,0.0,0.0
1985-08-18 14:42:35.615820992,0,1059,1512.1813,31 days 23:59:39.071044919,24860323.76560358,15249600.0,0.6134111584298491
1986-04-17 14:25:59.019940992,0,994,758.7837,31 days 23:59:15.340576171,24514710.611046586,14313600.0,0.5838779917536592
1987-05-06 14:24:08.975955008,0,0,,49 days 23:49:02.797851558,24873449.14852746,0.0,0.0
1987-08-24 14:38:52.512883968,0,1092,1291.8965,32 days 00:00:52.404785153,24456593.90063988,15724800.0,0.6429677028569615
1988-03-28 14:36:50.364867968,0,0,,14 days 00:12:27.592163089,23416934.42987451,0.0,0.0
1988-04-04 14:42:39.881410048,0,0,,14 days 00:12:25.449829099,24325642.608162105,0.0,0.0
1988-05-06 14:42:53.375954048,0,343,1417.8455,64 days 00:00:25.708007810,24408993.319776334,4939200.0,0.20235164700537758
1988-05-06 14:42:53.533875968,0,0,,81 days 23:48:11.381835936,24408993.319776334,0.0,0.0
1988-05-22 14:42:58.292947968,0,132,1561.7424,96 days 00:00:35.595703126,24009530.55531598,1900800.0,0.07916856165182878
1988-05-22 14:42:58.449952000,0,0,,81 days 23:48:11.381835936,24009530.55531598,0.0,0.0
1988-05-22 14:42:59.903553024,0,860,1617.7,32 days 00:00:12.854003909,24009530.55531598,12384000.0,0.5157951743982784
1988-06-07 14:43:04.820546944,0,175,1622.0743,64 days 00:00:23.071289063,24233706.229002476,2520000.0,0.10398739574486168
1988-06-23 14:43:11.279625984,0,1020,1690.1099,32 days 00:00:09.887695315,24250022.58248563,14688000.0,0.6056901576086895
1989-04-09 14:29:30.389364992,0,1046,1464.0105,31 days 23:59:54.561767576,24835809.427474424,15062400.0,0.6064791261982118
1989-04-09 14:29:36.988871936,0,0,,17 days 23:47:36.774902342,24835809.427474424,0.0,0.0
1989-04-25 14:29:21.759917952,0,0,,46 days 00:11:42.355957027,24508573.02604909,0.0,0.0
1989-05-25 14:40:53.871986048,0,64,1374.7969,63 days 23:58:52.434082027,24760475.865551177,921600.0,0.03722060936971757
1989-09-14 14:38:34.604411008,0,0,,17 days 23:47:06.947021486,25015852.2750962,0.0,0.0
1990-05-30 14:20:49.736589952,0,0,,17 days 23:47:35.291748045,24542187.76573416,0.0,0.0
1990-06-15 02:48:12.610126976,0,0,,24 days 23:53:48.387451171,24734684.24093206,0.0,0.0
1990-06-15 14:20:47.693154944,0,0,,14 days 00:12:20.588378909,24734684.24093206,0.0,0.0
1994-05-16 14:25:54.127053952,0,0,,17 days 23:47:18.977050783,24130065.905498512,0.0,0.0
1994-05-25 14:19:56.870557056,0,1,244.0,17 days 23:47:18.812255856,23847692.91146373,14400.0,0.0006038319955503047
1994-06-01 14:25:36.192088960,0,0,,17 days 23:47:17.658691405,24391562.73304029,0.0,0.0
1994-07-03 14:24:47.947143936,0,0,,63 days 23:58:22.770996090,24641150.41737763,0.0,0.0
1994-07-12 14:18:22.847033984,0,0,,95 days 23:57:38.276367189,24715699.11593322,0.0,0.0
1994-07-12 14:18:48.227124992,0,0,,78 days 00:10:23.583984378,24715699.11593322,0.0,0.0
1994-08-20 14:23:36.490776960,0,0,,49 days 23:46:20.969238279,24916684.13818238,0.0,0.0
1994-08-20 14:23:36.703236992,0,0,,78 days 00:10:16.992187495,24916684.13818238,0.0,0.0
1994-08-20 14:24:00.398761984,0,342,1284.8801,78 days 00:10:16.992187495,24916684.13818238,4924800.0,0.1976506975281364
1994-08-27 14:29:35.653282944,0,455,1405.5297,63 days 23:58:19.145507810,24782500.19374029,6552000.0,0.2643801048634691
1995-06-20 14:12:45.961591040,0,414,1622.9324,63 days 23:57:06.306152342,26352283.606198356,5961600.0,0.22622707348966767
1995-09-08 14:08:39.790872960,0,0,,31 days 23:58:26.396484378,24897152.0464056,0.0,0.0
1998-05-04 14:37:53.095452032,0,978,1515.1993,32 days 00:00:28.674316405,24691672.45109583,14083200.0,0.5703623368523577
1998-05-20 14:38:07.478934016,0,0,,81 days 23:48:48.295898441,24937015.013729602,0.0,0.0
1998-05-20 14:38:08.546563968,0,861,1635.5703,32 days 00:00:30.981445315,24937015.013729602,12398400.0,0.4971886167279363
1998-09-09 14:39:14.534398976,0,807,1093.1177,64 days 00:00:26.367187495,25210390.086462863,11620800.0,0.46095280398854205
1999-08-01 15:05:26.136582016,0,0,,46 days 00:12:29.157714846,25635351.63085201,0.0,0.0
1999-08-01 15:05:50.032700032,0,0,,46 days 00:12:29.157714846,25635351.63085201,0.0,0.0
2000-04-29 15:04:47.312337920,0,263,1647.3993,95 days 23:59:17.153320315,25025705.545962024,3787200.0,0.15133239672481788
2000-04-29 15:04:47.418302976,0,0,,17 days 23:47:30.183105468,25025705.545962024,0.0,0.0
2000-04-29 15:05:11.737624960,0,0,,78 days 00:11:35.434570315,25025705.545962024,0.0,0.0
2000-05-17 14:52:39.343719040,0,0,,14 days 00:12:12.431030270,25139193.7655586,0.0,0.0
2000-06-16 15:04:45.246798976,0,0,,31 days 23:59:42.861328126,25426642.42671655,0.0,0.0
2000-06-16 15:04:45.455309056,0,0,,17 days 23:47:31.831054684,25426642.42671655,0.0,0.0
2000-06-25 14:58:07.788865024,0,0,,17 days 23:47:23.920898441,25356922.197056986,0.0,0.0
2000-06-25 14:58:24.537447936,0,264,1776.1136,81 days 23:46:38.437500,25356922.197056986,3801600.0,0.14992355816910724
2000-06-25 14:58:24.647552000,0,3,55.0,95 days 23:58:56.718750,25356922.197056986,43200.0,0.0017036767973762188
2000-06-25 14:58:31.664459008,0,1120,1978.1384,17 days 23:47:23.920898441,25356922.197056986,16128000.0,0.6360393376871217
2000-07-04 14:52:08.256595968,0,0,,81 days 23:46:45.688476558,25121105.820447274,0.0,0.0
2000-08-05 03:19:13.843266048,0,0,,56 days 23:53:05.375976558,25948994.493888766,0.0,0.0
2000-08-12 14:57:50.505262848,0,491,1660.6293,81 days 23:46:27.890625,25592315.521481827,7070400.0,0.2762704294601716
2000-09-13 14:57:25.159975040,0,559,1386.6083,17 days 23:47:18.317871090,25557133.463354293,8049600.0,0.3149649005645375
2001-03-24 14:56:35.198162944,0,0,,14 days 00:12:15.232543945,25102103.372509643,0.0,0.0
2001-05-18 15:02:19.713454976,0,204,1788.5834,95 days 23:59:13.857421873,24921036.657248262,2937600.0,0.11787631631871147
2001-05-18 15:02:52.142658048,0,0,,17 days 23:47:27.052001954,24921036.657248262,0.0,0.0
2001-06-12 14:56:24.328724992,0,588,1925.2976,49 days 23:47:09.089355468,24854708.014791135,8467200.0,0.3406678523425476
2001-07-07 14:49:54.978881024,0,0,,78 days 00:11:24.887695315,25049836.021962073,0.0,0.0
2001-07-07 14:49:57.750988160,0,0,,14 days 00:12:21.659545900,25049836.021962073,0.0,0.0
2001-07-14 14:55:36.874472960,0,0,,63 days 23:59:13.198242189,25259015.280375835,0.0,0.0
2001-07-14 14:56:00.747800064,0,359,1972.6852,63 days 23:59:13.198242189,25259015.280375835,5169600.0,0.2046635604205977
2001-07-14 14:56:07.436116992,0,1133,2026.3937,14 days 00:12:17.045288089,25259015.280375835,16315200.0,0.645915916313474
2001-07-21 15:02:08.178573952,0,0,,78 days 00:11:28.183593747,25181774.345744193,0.0,0.0
2001-07-30 14:55:50.662040960,0,0,,95 days 23:58:53.422851558,25259807.011296794,0.0,0.0
2001-07-30 14:55:53.008422016,0,1029,1747.3013,31 days 23:59:28.853759765,25259807.011296794,14817600.0,0.5866078071528105
2001-07-30 14:55:56.091365120,0,1100,1720.1418,17 days 23:47:20.295410153,25259807.011296794,15840000.0,0.6270831757707401
2001-08-08 14:49:32.072269952,0,0,,78 days 00:11:30.161132810,25893021.787080515,0.0,0.0
2001-08-08 14:49:35.658267008,0,0,,14 days 00:12:03.532104495,25893021.787080515,0.0,0.0
2001-08-22 15:01:20.971625088,0,0,,14 days 00:12:14.902954099,25214892.35687265,0.0,0.0
2001-08-22 15:01:44.846338048,0,0,,14 days 00:12:14.820556639,25214892.35687265,0.0,0.0
2001-09-07 15:01:45.847069056,0,281,1531.9573,95 days 23:59:00.014648441,25198222.518619366,4046400.0,0.16058275527212487
2002-03-18 15:01:26.502512896,0,0,,17 days 23:47:31.666259765,24926136.068032347,0.0,0.0
2002-03-18 15:01:50.398012032,0,0,,17 days 23:47:31.666259765,24926136.068032347,0.0,0.0
2002-03-27 14:55:10.507600000,0,0,,17 days 23:47:38.422851558,24830441.35422751,0.0,0.0
2002-03-27 14:55:34.401857152,0,1089,1700.8264,17 days 23:47:38.422851558,24830441.35422751,15681600.0,0.6315473726901809
2002-04-28 14:55:08.036429952,0,0,,46 days 00:12:16.633300783,25058315.882073965,0.0,0.0
2002-04-28 14:55:30.478711040,0,570,1856.4421,49 days 23:47:34.467773441,25058315.882073965,8208000.0,0.32755593147709416
2002-04-28 14:55:31.924518016,0,907,1723.0243,46 days 00:12:16.633300783,25058315.882073965,13060800.0,0.5212161927188147
2002-05-23 14:49:16.569229824,0,0,,49 days 23:47:19.306640621,24811058.122367974,0.0,0.0
2002-05-30 14:55:01.479632000,0,0,,63 days 23:59:36.928710936,25175410.13867952,0.0,0.0
2002-05-30 14:55:25.354960000,0,349,1794.0344,63 days 23:59:36.928710936,25175410.13867952,5025600.0,0.19962336153875263
2002-05-30 14:55:25.644482944,0,1119,1900.6559,14 days 00:12:15.974121090,25175410.13867952,16113600.0,0.6400531276844246
2002-07-24 15:00:49.991478912,0,0,,81 days 23:47:06.782226558,25194334.089753952,0.0,0.0
2002-07-24 15:00:52.660477056,0,0,,46 days 00:12:05.427246090,25194334.089753952,0.0,0.0
2002-07-24 15:01:16.538526080,0,0,,46 days 00:12:05.427246090,25194334.089753952,0.0,0.0
2002-08-02 14:54:36.616594944,0,0,,63 days 23:59:33.303222657,26081515.06572195,0.0,0.0
2002-08-02 14:55:00.493405952,0,759,1568.4164,63 days 23:59:33.303222657,26081515.06572195,10929600.0,0.41905541041073957
2002-08-09 15:00:45.879836160,0,0,,14 days 00:12:18.940429684,25199349.446715005,0.0,0.0
2002-08-09 15:01:04.491892992,0,0,,78 days 00:11:41.367187495,25199349.446715005,0.0,0.0
2002-08-09 15:01:09.757031040,0,0,,14 days 00:12:18.940429684,25199349.446715005,0.0,0.0
2002-08-25 15:00:57.710397952,0,0,,46 days 00:11:54.880371090,25190770.918191813,0.0,0.0
2003-04-22 15:01:15.475865984,0,0,,49 days 23:47:39.411621090,24986779.114081156,0.0,0.0
2003-04-22 15:01:39.348696960,0,0,,49 days 23:47:39.411621090,24986779.114081156,0.0,0.0
2003-05-01 14:55:31.018210048,0,870,1766.6093,46 days 00:12:16.962890621,25079607.444140647,12528000.0,0.4995293498075433
2004-04-01 14:55:58.188151040,0,477,1610.1426,46 days 00:12:16.303710936,25077127.170807276,6868800.0,0.27390697320369656
2004-04-10 14:49:49.075044992,0,110,1526.5364,63 days 23:59:58.022460936,25777727.560791142,1584000.0,0.06144839556801436
2004-04-24 15:01:48.299717888,0,0,,49 days 23:47:32.819824216,24835404.617325626,0.0,0.0
2004-04-24 15:02:12.172891008,0,0,,49 days 23:47:32.819824216,24835404.617325626,0.0,0.0
2004-05-12 14:49:45.436660992,0,0,,81 days 23:47:23.261718747,25092886.06305902,0.0,0.0
2004-05-12 14:49:47.694422016,0,0,,14 days 00:12:21.824340819,25092886.06305902,0.0,0.0
2004-06-04 14:55:53.694313984,0,885,1919.3334,31 days 23:59:50.112304684,24937890.305533536,12744000.0,0.5110295956820453
2004-06-11 15:01:34.326283008,0,0,,95 days 23:59:43.520507810,24977191.002042808,0.0,0.0
2004-06-11 15:01:58.198171008,0,0,,95 days 23:59:43.520507810,24977191.002042808,0.0,0.0
2004-06-20 14:55:25.212774016,0,0,,78 days 00:12:01.801757810,25196316.312763337,0.0,0.0
2004-06-20 14:55:49.085154048,0,84,1628.8096,78 days 00:12:01.801757810,25196316.312763337,1209600.0,0.048007017572932686
2004-07-29 15:01:48.772894080,0,161,1369.7888,95 days 23:59:34.291992189,24931164.483389534,2318400.0,0.09299204622169338
2004-07-29 15:01:49.985789952,0,0,,78 days 00:12:02.460937495,24931164.483389534,0.0,0.0
2004-08-14 15:01:23.309900032,0,0,,49 days 23:47:22.932128909,25277445.797493294,0.0,0.0
2004-09-08 14:55:28.537783040,0,760,776.7934,49 days 23:47:23.920898441,25526731.846714463,10944000.0,0.428727032732496
2005-05-13 15:02:05.995315840,0,0,,46 days 00:12:21.577148441,25378760.073825266,0.0,0.0
2005-05-13 15:02:32.491121024,0,124,1446.8226,32 days 00:00:00,25378760.073825266,1785600.0,0.07035804723342663
2005-06-30 15:02:02.434254976,0,2,27.0,95 days 23:59:41.542968747,25194214.92108374,28800.0,0.0011431195649561107
2005-06-30 15:02:26.308414976,0,0,,95 days 23:59:41.542968747,25194214.92108374,0.0,0.0
2005-06-30 15:02:27.200173952,0,0,,81 days 23:47:23.261718747,25194214.92108374,0.0,0.0
2005-07-18 03:17:24.309634944,0,0,,56 days 23:53:42.949218747,25268950.761518434,0.0,0.0
2005-07-18 14:49:58.325873024,0,63,1170.1904,95 days 23:59:36.269531252,25268950.761518434,907200.0,0.035901767689600954
2005-08-03 03:17:24.006376960,0,0,,24 days 23:53:43.443603513,25170223.919874057,0.0,0.0
2005-08-03 14:49:53.871234944,0,0,,63 days 23:59:45.168457027,25170223.919874057,0.0,0.0
2005-08-26 14:55:36.833902976,0,0,,31 days 23:59:43.685302738,25803937.913753014,0.0,0.0
2005-08-26 14:56:00.707809024,0,97,627.0516,31 days 23:59:43.685302738,25803937.913753014,1396800.0,0.05413127270219992
2005-08-26 14:56:01.842147968,0,1090,1186.9248,17 days 23:47:29.194335936,25803937.913753014,15696000.0,0.6082792499525558
2005-09-20 14:49:41.351966848,0,0,,17 days 23:47:37.598876954,25472116.865247678,0.0,0.0
2006-05-02 14:50:38.892081024,0,624,1294.4535,32 days 00:00:03.955078126,25238336.70934533,8985600.0,0.3560298011505958
2006-07-05 14:50:28.791346048,0,0,,17 days 23:47:30.183105468,25208976.897639513,0.0,0.0
2006-07-21 14:50:21.512240896,0,0,,14 days 00:12:15.314941405,25349307.733815525,0.0,0.0
2006-07-21 14:50:23.514883072,0,763,1598.8912,31 days 23:59:48.793945315,25349307.733815525,10987200.0,0.43343195464636974
2006-07-28 14:56:30.222086912,0,825,1405.2909,14 days 00:12:18.940429684,25088014.07084074,11880000.0,0.4735328976799271
2006-07-28 14:56:34.411559936,0,730,1480.0876,63 days 23:59:41.213378909,25088014.07084074,10512000.0,0.41900486703799616
2006-08-06 14:50:17.747674112,0,0,,14 days 00:12:20.505981441,25464531.759260375,0.0,0.0
2006-08-06 14:50:19.463422976,0,0,,46 days 00:12:11.359863279,25464531.759260375,0.0,0.0
2006-08-13 14:56:27.132468992,0,1076,1404.9507,31 days 23:59:55.880126954,25344817.93669628,15494400.0,0.6113439062257359
2007-03-09 14:57:18.409948928,0,1124,1703.9546,14 days 00:12:23.637084963,25107071.103924375,16185600.0,0.644663008799545
2007-03-25 14:57:17.653153024,0,292,1531.9281,46 days 00:12:22.236328126,24921367.258226365,4204800.0,0.1687226850931313
2007-04-13 03:06:09.267343872,0,0,,40 days 23:53:43.278808594,23788295.40585414,0.0,0.0
2007-04-13 03:06:33.139886080,0,0,,40 days 23:53:43.278808594,23788295.40585414,0.0,0.0
2007-05-12 14:57:10.602214912,0,146,1542.3219,49 days 23:47:23.920898441,23894533.62219409,2102400.0,0.08798665139240117
2007-05-19 15:02:55.527958016,0,934,1549.7816,31 days 23:59:49.288330080,25004698.174229614,13449600.0,0.5378829172935768
2007-05-19 15:03:19.402381056,0,943,1690.2556,31 days 23:59:49.288330080,25004698.174229614,13579200.0,0.5430659432632152
2007-06-22 14:50:51.359277056,0,459,1491.7974,31 days 23:59:57.692871090,25045226.491445236,6609600.0,0.2639065772576526
2007-07-08 14:50:46.880993024,0,0,,63 days 23:59:48.793945315,24957100.2333015,0.0,0.0
2007-07-08 14:50:49.385385984,0,541,1502.5841,31 days 23:59:54.232177738,24957100.2333015,7790400.0,0.3121516493172104
2007-07-24 14:50:21.882987008,0,0,,31 days 23:59:51.101074216,25053649.46185159,0.0,0.0
2007-07-24 14:50:43.460130048,0,424,1425.9481,63 days 23:59:42.531738279,25053649.46185159,6105600.0,0.2437010228508548
2007-07-24 14:50:45.754615040,0,958,1474.0062,31 days 23:59:51.101074216,25053649.46185159,13795200.0,0.5506263676677332
2007-08-09 03:18:04.040346880,0,0,,56 days 23:53:28.447265621,25101529.994364846,0.0,0.0
2007-08-09 14:50:40.574755072,0,890,1412.7314,31 days 23:59:48.134765621,25101529.994364846,12816000.0,0.5105664874960658
2007-08-25 03:17:59.277563904,0,0,,24 days 23:53:37.840576171,25122409.661417708,0.0,0.0
2008-05-14 14:56:41.330824960,0,0,,81 days 23:47:08.100585936,24839385.372082885,0.0,0.0
2008-05-21 15:02:31.297008896,0,0,,14 days 00:12:15.726928711,25137459.287919793,0.0,0.0
2008-05-21 15:02:47.319005952,0,0,,95 days 23:59:19.790039063,25137459.287919793,0.0,0.0
2008-05-21 15:02:51.800212992,0,113,1317.0619,63 days 23:59:32.973632810,25137459.287919793,1627200.0,0.06473207898070975
2008-05-21 15:02:55.172068096,0,0,,14 days 00:12:15.726928711,25137459.287919793,0.0,0.0
2008-05-23 03:17:55.098344960,0,0,,56 days 23:53:24.492187495,25049116.60978584,0.0,0.0
2008-05-23 03:17:57.327702016,0,0,,24 days 23:53:38.334960936,25049116.60978584,0.0,0.0
2008-05-23 14:50:32.558236928,0,0,,17 days 23:47:30.512695315,25049116.60978584,0.0,0.0
2008-06-15 14:56:04.671192064,0,0,,63 days 23:59:22.426757810,25131271.335907128,0.0,0.0
2008-06-15 14:56:06.239951104,0,0,,46 days 00:11:54.550781252,25131271.335907128,0.0,0.0
2008-06-15 14:56:28.543921920,0,513,1484.6335,63 days 23:59:22.426757810,25131271.335907128,7387200.0,0.29394454030048595
2008-06-15 14:56:30.113336064,0,0,,46 days 00:11:54.550781252,25131271.335907128,0.0,0.0
2008-06-24 14:50:13.262046976,0,0,,63 days 23:59:20.778808594,25413026.185351145,0.0,0.0
2008-06-24 14:50:13.784242944,0,0,,46 days 00:11:51.914062504,25413026.185351145,0.0,0.0
2008-07-01 14:55:56.900520960,0,0,,31 days 23:59:37.917480468,25106791.2162536,0.0,0.0
2008-07-01 14:55:57.489961984,0,0,,14 days 00:12:12.019042972,25106791.2162536,0.0,0.0
2008-07-01 14:56:20.773165056,0,1064,1371.0574,31 days 23:59:37.917480468,25106791.2162536,15321600.0,0.610257195673859
2008-07-01 14:56:21.362445056,0,989,1341.6735,14 days 00:12:11.936645504,25106791.2162536,14241600.0,0.5672409459788033
2008-07-01 14:56:21.607110912,0,0,,81 days 23:46:52.280273441,25106791.2162536,0.0,0.0
2008-07-08 15:02:03.264320000,0,0,,17 days 23:47:25.239257810,25180456.81658474,0.0,0.0
2008-07-08 15:02:03.353504000,0,0,,14 days 00:12:11.442260738,25180456.81658474,0.0,0.0
2008-07-08 15:02:27.225292032,0,0,,14 days 00:12:11.442260738,25180456.81658474,0.0,0.0
2008-07-08 15:02:28.100520960,0,0,,46 days 00:11:52.573242189,25180456.81658474,0.0,0.0
2008-07-17 14:55:46.628082944,0,0,,17 days 23:47:26.228027342,25609411.880037785,0.0,0.0
2008-07-17 14:56:10.499420928,0,1138,1321.406,17 days 23:47:26.228027342,25609411.880037785,16387200.0,0.6398897435350172
2008-07-17 14:56:13.072581888,0,750,1213.8413,49 days 23:47:09.418945315,25609411.880037785,10800000.0,0.42171995399935225
2008-07-26 03:17:22.844131072,0,0,,56 days 23:53:18.559570315,27626080.57734267,0.0,0.0
2008-07-26 03:17:23.474051072,0,0,,71 days 00:05:32.226562504,27626080.57734267,0.0,0.0
2008-07-26 14:49:57.367948032,0,0,,49 days 23:47:11.726074216,27626080.57734267,0.0,0.0
2008-08-11 03:17:12.479589888,0,0,,24 days 23:53:39.158935549,25476004.98605097,0.0,0.0
2008-08-11 14:49:49.097328128,0,0,,81 days 23:46:54.916992189,25476004.98605097,0.0,0.0
2009-03-30 14:57:02.651444992,0,1049,1512.4985,32 days 00:00:11.535644531,24956389.865359068,15105600.0,0.6052798534361518
2009-04-08 14:50:52.542129920,0,143,1400.5454,64 days 00:00:19.775390621,25617779.89379148,2059200.0,0.08038167274983306
2009-04-08 14:50:54.850758912,0,979,1521.4841,32 days 00:00:09.887695315,25617779.89379148,14097600.0,0.5503052980565494
2009-04-08 14:50:55.374213120,0,0,,17 days 23:47:43.861083982,25617779.89379148,0.0,0.0
2009-04-08 14:50:55.473419008,0,0,,14 days 00:12:26.026611324,25617779.89379148,0.0,0.0
2009-04-24 03:18:24.053914880,0,0,,24 days 23:53:54.484863279,25437668.364131592,0.0,0.0
2009-04-24 14:50:54.617643008,0,0,,81 days 23:47:55.561523441,25437668.364131592,0.0,0.0
2009-04-24 14:50:56.653935104,0,181,1484.1216,64 days 00:00:13.183593747,25437668.364131592,2606400.0,0.10246222109236854
2009-04-24 14:50:59.039744000,0,875,1381.3806,32 days 00:00:06.921386720,25437668.364131592,12600000.0,0.4953284168829971
2009-04-24 14:50:59.648367104,0,0,,14 days 00:12:24.625854495,25437668.364131592,0.0,0.0
2009-05-01 14:56:46.452008960,0,0,,46 days 00:12:29.487304684,24971857.601672243,0.0,0.0
2009-05-01 14:56:47.307128064,0,0,,32 days 00:00:05.273437495,24971857.601672243,0.0,0.0
2009-05-01 14:56:47.951161088,0,0,,14 days 00:12:24.049072261,24971857.601672243,0.0,0.0
2009-05-01 14:57:04.807930880,0,233,1499.2919,96 days 00:00:15.820312504,24971857.601672243,3355200.0,0.1343592476586651
2009-05-01 14:57:10.325117952,0,300,1506.3933,46 days 00:12:29.487304684,24971857.601672243,4320000.0,0.1729947394746761
2009-05-10 14:50:37.731236096,0,0,,32 days 00:00:03.625488279,24978971.34165695,0.0,0.0
2009-05-10 14:50:57.629904896,0,0,,78 days 00:12:30.146484378,24978971.34165695,0.0,0.0
2009-05-10 14:51:00.436612096,0,0,,49 days 23:47:44.025878909,24978971.34165695,0.0,0.0
2009-05-10 14:51:01.604816896,0,427,1530.836,32 days 00:00:03.625488279,24978971.34165695,6148800.0,0.24615905578728794
2009-05-24 15:02:59.142112000,0,0,,49 days 23:47:39.411621090,24877177.051212687,0.0,0.0
2009-05-24 15:02:59.444371968,0,0,,46 days 00:12:22.565917972,24877177.051212687,0.0,0.0
2009-05-24 15:03:23.318333952,0,0,,46 days 00:12:22.565917972,24877177.051212687,0.0,0.0
2009-05-26 03:18:22.087625984,0,0,,88 days 23:53:50.859375,24404023.845172737,0.0,0.0
2009-06-18 14:56:42.148857088,0,0,,95 days 23:59:48.134765621,26739861.99096084,0.0,0.0
2009-06-18 14:56:47.389925888,0,0,,46 days 00:12:15.644531252,26739861.99096084,0.0,0.0
2009-06-18 14:57:06.020696064,0,207,1469.7681,95 days 23:59:48.134765621,26739861.99096084,2980800.0,0.11147402335164001
2009-06-18 14:57:11.263494912,0,43,1410.8605,46 days 00:12:15.644531252,26739861.99096084,619200.0,0.023156439633432467
2009-07-11 15:02:53.508736000,0,0,,49 days 23:47:25.568847657,26535638.91249668,0.0,0.0
2009-07-11 15:03:17.381628928,0,0,,49 days 23:47:25.568847657,26535638.91249668,0.0,0.0
2009-07-11 15:03:18.970319872,0,0,,14 days 00:12:17.951660153,26535638.91249668,0.0,0.0
2009-07-29 03:18:17.335393024,0,0,,39 days 00:05:59.912109378,27138710.1879288,0.0,0.0
2009-07-29 14:50:51.777513984,0,0,,14 days 00:12:16.633300783,27138710.1879288,0.0,0.0
2009-07-29 14:50:54.343205120,0,0,,81 days 23:47:23.261718747,27138710.1879288,0.0,0.0
2009-08-05 14:56:36.311047936,0,0,,14 days 00:12:16.633300783,26389691.385620974,0.0,0.0
2009-08-05 14:57:00.182117120,0,1135,1460.808,14 days 00:12:16.633300783,26389691.385620974,16344000.0,0.619332744789331
2009-08-05 14:57:03.116363008,0,384,1177.0781,49 days 23:47:27.875976558,26389691.385620974,5529600.0,0.209536364756919
2009-08-05 14:57:04.351667968,0,0,,81 days 23:47:23.261718747,26389691.385620974,0.0,0.0
2009-08-12 15:02:49.664324096,0,63,1166.7301,63 days 23:59:48.793945315,26888209.11161264,907200.0,0.03373969594755171
2009-08-12 15:03:13.537999872,0,0,,63 days 23:59:48.793945315,26888209.11161264,0.0,0.0
2009-08-14 03:18:14.981799936,0,0,,39 days 00:06:04.526367189,26834775.151447054,0.0,0.0
2009-08-14 14:50:47.817637120,0,0,,14 days 00:12:20.341186522,26834775.151447054,0.0,0.0
2009-08-14 14:50:48.222188032,0,0,,17 days 23:47:36.280517576,26834775.151447054,0.0,0.0
2009-08-14 14:50:49.493084928,0,992,1309.9879,31 days 23:59:55.220947261,26834775.151447054,14284800.0,0.5323241920001591
2009-08-30 14:50:46.515532032,0,301,1067.6378,31 days 23:59:59.176025387,26444713.03185618,4334400.0,0.16390421763241061
2009-08-30 14:50:46.944555008,0,0,,17 days 23:47:37.928466792,26444713.03185618,0.0,0.0
2009-08-30 14:50:47.832301056,0,235,1092.2979,63 days 23:59:51.760253909,26444713.03185618,3384000.0,0.12796508685586874
2010-04-09 15:05:10.888980992,0,0,,17 days 23:47:38.917236324,26429385.175491516,0.0,0.0
2010-04-18 14:58:36.095161088,0,0,,17 days 23:47:37.104492189,26299718.414404925,0.0,0.0
2010-04-18 14:58:36.257885952,0,0,,14 days 00:12:20.670776369,26299718.414404925,0.0,0.0
2010-04-18 14:58:59.966971904,0,872,1709.2947,17 days 23:47:37.104492189,26299718.414404925,12556800.0,0.47744997882267703
2010-04-18 14:59:00.129597952,0,964,1518.6317,14 days 00:12:20.670776369,26299718.414404925,13881600.0,0.527823141725987
2010-04-25 15:04:43.668976896,0,0,,46 days 00:12:14.985351558,26367540.764605965,0.0,0.0
2010-04-25 15:05:07.541998080,0,0,,46 days 00:12:14.985351558,26367540.764605965,0.0,0.0
2010-04-25 15:05:07.584178944,0,0,,49 days 23:47:32.490234378,26367540.764605965,0.0,0.0
2010-05-29 14:52:44.733803008,0,0,,32 days 00:00:00.659179684,25194317.44264446,0.0,0.0
2010-05-29 14:52:46.588333056,0,0,,46 days 00:12:21.577148441,25194317.44264446,0.0,0.0
2010-05-29 14:52:49.616756992,0,0,,81 days 23:47:38.422851558,25194317.44264446,0.0,0.0
2010-06-14 03:20:11.211461120,0,0,,39 days 00:06:16.062011720,26530307.287815537,0.0,0.0
2010-06-14 14:52:45.801991936,0,0,,14 days 00:12:23.225097657,26530307.287815537,0.0,0.0
2010-06-14 14:52:49.249044992,0,2,1248.0,96 days 00:00:01.318359378,26530307.287815537,28800.0,0.001085550939443014
2010-07-07 14:58:58.109223936,0,7,1146.4286,78 days 00:12:27.509765621,26495389.195896696,100800.0,0.0038044355285639948
2010-07-07 14:58:58.212348928,0,0,,81 days 23:47:45.014648441,26495389.195896696,0.0,0.0
2010-07-21 02:49:44.409882880,0,0,,23 days 00:06:11.118164063,26447099.22194764,0.0,0.0
2010-08-01 03:20:15.447653120,0,0,,39 days 00:06:12.106933594,26793505.663594436,0.0,0.0
2010-08-01 14:52:49.525691904,0,0,,96 days 00:00:09.228515621,26793505.663594436,0.0,0.0
2010-08-16 14:59:02.290320896,0,728,1244.103,80 days 00:00:03.955078126,26889010.005642913,10483200.0,0.3898693182753847
2010-08-16 14:59:02.374467072,0,998,1307.1022,30 days 00:12:24.873046873,26889010.005642913,14371200.0,0.5344637082951015
2010-08-17 14:52:51.578963968,0,0,,78 days 00:12:25.532226558,26297626.52141284,0.0,0.0
2011-04-12 15:06:10.938952960,0,0,,14 days 00:12:19.270019531,25435418.795558203,0.0,0.0
2011-04-12 15:06:34.810696960,0,0,,14 days 00:12:19.270019531,25435418.795558203,0.0,0.0
2011-04-28 15:06:10.517822976,0,0,,46 days 00:12:18.281250,25608512.853916336,0.0,0.0
2011-04-28 15:06:34.391567104,0,0,,46 days 00:12:18.281250,25608512.853916336,0.0,0.0
2011-05-16 14:54:11.575695104,0,0,,81 days 23:47:32.490234378,25704959.530759003,0.0,0.0
2011-05-16 14:54:12.612794112,0,0,,49 days 23:47:38.752441405,25704959.530759003,0.0,0.0
2011-05-23 14:59:58.599428096,0,0,,14 days 00:12:24.131469729,25963595.437682074,0.0,0.0
2011-05-23 15:00:21.943537920,0,15,1257.4667,81 days 23:47:33.149414063,25963595.437682074,216000.0,0.008319340844700962
2011-05-23 15:00:22.475407872,0,880,1595.6932,14 days 00:12:24.131469729,25963595.437682074,12672000.0,0.4880679962224564
2011-05-23 15:00:23.388865024,0,61,1364.7377,49 days 23:47:36.115722657,25963595.437682074,878400.0,0.03383198610178391
2011-06-01 14:54:10.386068992,0,0,,81 days 23:47:34.467773441,26264325.919542033,0.0,0.0
2011-06-01 14:54:10.966190080,0,308,1439.2954,32 days 00:00:00.988769531,26264325.919542033,4435200.0,0.1688678404915764
2011-06-01 14:54:12.201776128,0,0,,17 days 23:47:39.576416017,26264325.919542033,0.0,0.0
2011-06-15 15:06:06.605724928,0,0,,95 days 23:59:50.771484378,26457625.545793563,0.0,0.0
2011-06-15 15:06:08.335360000,0,248,1466.758,31 days 23:59:55.385742189,26457625.545793563,3571200.0,0.13497809899149385
2011-06-15 15:06:32.209057024,0,217,1516.682,31 days 23:59:55.385742189,26457625.545793563,3124800.0,0.11810583661755712
2011-07-03 14:54:06.420354048,0,0,,81 days 23:47:27.875976558,25650123.600701846,0.0,0.0
2011-07-03 14:54:08.225785088,0,12,1128.3334,63 days 23:59:50.112304684,25650123.600701846,172800.0,0.0067368096423235865
2011-07-17 15:06:03.918309888,0,408,1125.3922,31 days 23:59:55.880126954,26043483.09155155,5875200.0,0.2255919448004212
2011-07-17 15:06:04.175710976,0,4,1035.75,63 days 23:59:48.793945315,26043483.09155155,57600.0,0.002211685733337463
2011-07-17 15:06:28.049477888,0,0,,63 days 23:59:48.793945315,26043483.09155155,0.0,0.0
2011-08-04 14:54:02.126759936,0,276,1142.7137,95 days 23:59:40.883789063,26046160.487557452,3974400.0,0.152590628545755
2012-05-18 14:54:57.199798016,0,0,,46 days 00:12:25.532226558,26250020.20883403,0.0,0.0
2012-06-01 15:07:01.117905920,0,0,,96 days 00:00:46.801757810,26237945.93689637,0.0,0.0
2012-06-01 15:07:24.991448064,0,0,,96 days 00:00:46.801757810,26237945.93689637,0.0,0.0
2012-06-01 15:07:26.617316096,0,0,,81 days 23:48:12.041015621,26237945.93689637,0.0,0.0
2012-06-10 15:00:49.808160000,0,0,,17 days 23:47:40.894775387,26258339.488617726,0.0,0.0
2012-06-10 15:01:11.751187968,0,912,1618.0286,14 days 00:12:26.273803711,26258339.488617726,13132800.0,0.5001382515331066
2012-06-10 15:01:13.680256000,0,964,1672.3143,17 days 23:47:40.894775387,26258339.488617726,13881600.0,0.5286549062257838
2012-06-17 15:07:00.253220096,0,0,,14 days 00:12:28.333740234,26224752.751660626,0.0,0.0
2012-06-17 15:07:24.124779008,0,0,,14 days 00:12:28.333740234,26224752.751660626,0.0,0.0
2012-06-19 14:55:03.450056960,0,0,,14 days 00:12:27.592163089,26649129.660583027,0.0,0.0
2012-06-26 15:01:21.359578880,0,1080,1472.838,32 days 00:00:22.741699216,26624172.170647558,15552000.0,0.5841308379588105
2012-06-26 15:01:23.529852928,0,0,,46 days 00:12:49.921875,26624172.170647558,0.0,0.0
2012-07-12 15:01:31.695358976,0,731,1110.3447,49 days 23:48:13.688964846,26270483.793306313,10526400.0,0.4006930394895169
2012-07-12 15:01:32.306668032,0,738,1149.878,64 days 00:00:44.824218747,26270483.793306313,10627200.0,0.4045300453396217
2012-07-12 15:01:34.164878080,0,68,1143.7059,78 days 00:13:11.015625,26270483.793306313,979200.0,0.037273771115303896
2012-08-06 14:55:36.237852928,0,370,982.3757,96 days 00:01:04.599609378,26829045.199945506,5328000.0,0.19859074224567716
2012-08-06 14:55:38.230742016,0,0,,49 days 23:48:11.052246090,26829045.199945506,0.0,0.0
2012-09-07 14:55:58.826633984,0,0,,49 days 23:48:08.415527342,27072600.105271406,0.0,0.0
2013-04-06 15:13:54.578475008,0,0,,20 days 00:14:07.210693360,26514987.90447327,0.0,0.0
2013-04-17 03:06:52.509638912,0,941,1354.6472,50 days 23:51:35.397949216,26466379.03220114,13550400.0,0.5119854130220641
2013-04-17 03:14:39.432207104,0,0,,48 days 23:59:40.224609378,26466379.03220114,0.0,0.0
2013-04-17 03:15:03.310427904,0,0,,48 days 23:59:40.224609378,26466379.03220114,0.0,0.0
2013-04-17 03:17:06.633349888,0,0,,14 days 23:55:06.088256837,26466379.03220114,0.0,0.0
2013-04-17 15:08:56.702482944,0,0,,49 days 23:47:26.887207027,26466379.03220114,0.0,0.0
2013-05-05 03:02:08.098219008,0,0,,32 days 23:47:52.265625,26189575.354015324,0.0,0.0
2013-05-05 03:02:18.822750976,0,0,,95 days 00:11:58.505859378,26189575.354015324,0.0,0.0
2013-05-05 03:02:31.020868096,0,1148,1455.4111,15 days 00:00:18.292236324,26189575.354015324,16531200.0,0.6312129836601369
2013-05-05 03:02:31.975620096,0,1015,1405.7231,32 days 23:47:52.265625,26189575.354015324,14616000.0,0.5580846501873162
2013-05-05 03:02:42.702702080,0,0,,95 days 00:11:58.505859378,26189575.354015324,0.0,0.0
2013-05-05 03:02:59.923074048,0,957,1372.7993,46 days 23:59:10.231933594,26189575.354015324,13780800.0,0.526194098748041
2013-05-05 03:10:30.777911040,0,0,,77 days 00:08:07.133789063,26189575.354015324,0.0,0.0
2013-05-05 03:10:54.622351872,0,420,1426.7786,77 days 00:08:07.133789063,26189575.354015324,6048000.0,0.23093157938785497
2013-05-05 03:23:53.489595904,0,0,,71 days 00:05:49.365234378,26189575.354015324,0.0,0.0
2013-05-05 03:25:12.721566976,0,0,,71 days 00:03:10.502929684,26189575.354015324,0.0,0.0
2013-05-05 14:56:28.054572032,0,0,,78 days 00:11:59.824218747,26189575.354015324,0.0,0.0
2013-05-05 14:56:28.875304960,0,362,1226.3315,63 days 23:59:38.576660153,26189575.354015324,5212800.0,0.19904102794857978
2013-05-05 14:56:30.471840000,0,0,,14 days 00:12:19.434814450,26189575.354015324,0.0,0.0
2013-05-05 14:56:30.914550016,0,0,,46 days 00:12:08.063964846,26189575.354015324,0.0,0.0
2013-05-05 15:02:31.967208960,0,0,,33 days 23:47:52.265625,26189575.354015324,0.0,0.0
2013-05-05 15:04:39.434656000,0,342,1403.3596,77 days 23:55:36.987304684,26189575.354015324,4924800.0,0.18804428607296764
2013-05-05 15:13:55.637999104,0,0,,61 days 23:49:01.149902342,26189575.354015324,0.0,0.0
2013-05-12 03:05:39.171911936,0,0,,81 days 00:06:05.844726558,26417903.812458288,0.0,0.0
2013-05-12 03:08:19.320379904,0,0,,15 days 00:00:14.419555666,26417903.812458288,0.0,0.0
2013-05-12 03:08:29.445699072,0,0,,48 days 23:59:53.408203126,26417903.812458288,0.0,0.0
2013-05-12 03:08:43.202308096,0,0,,15 days 00:00:14.419555666,26417903.812458288,0.0,0.0
2013-05-12 03:11:12.654184960,0,0,,64 days 23:42:30.585937495,26417903.812458288,0.0,0.0
2013-05-12 15:02:13.527884032,0,0,,49 days 23:47:21.613769531,26417903.812458288,0.0,0.0
2013-05-12 15:02:16.684841984,0,0,,14 days 00:12:19.682006837,26417903.812458288,0.0,0.0
2013-05-12 15:02:37.401232896,0,523,1439.2887,49 days 23:47:21.613769531,26417903.812458288,7531200.0,0.2850793936363868
2013-05-12 15:02:40.558710016,0,0,,14 days 00:12:19.682006837,26417903.812458288,0.0,0.0
2013-05-12 15:08:18.574594048,0,0,,16 days 00:00:13.018798828,26417903.812458288,0.0,0.0
2013-05-12 15:08:19.052588032,0,0,,48 days 00:00:14.172363279,26417903.812458288,0.0,0.0
2013-05-12 15:08:41.741812992,0,1074,1382.3213,30 days 00:12:39.704589846,26417903.812458288,15465600.0,0.5854211639875324
2013-05-12 15:08:42.463513088,0,1149,1273.2759,16 days 00:00:13.018798828,26417903.812458288,16545600.0,0.626302530187779
2013-05-12 15:09:11.539290112,0,743,1382.3163,62 days 00:11:33.457031252,26417903.812458288,10699200.0,0.40499806782377706
2013-05-21 03:02:03.198192896,0,0,,32 days 23:47:42.048339846,26065209.953396305,0.0,0.0
2013-05-21 03:02:16.480468992,0,0,,31 days 00:12:19.270019531,26065209.953396305,0.0,0.0
2013-05-21 03:02:24.866608128,0,901,1426.1587,47 days 00:00:05.932617189,26065209.953396305,12974400.0,0.4977669477129775
2013-05-21 03:02:27.079098880,0,979,1324.1083,32 days 23:47:42.048339846,26065209.953396305,14097600.0,0.5408588699345227
2013-05-21 03:13:43.488557056,0,0,,92 days 23:48:36.430664063,26065209.953396305,0.0,0.0
2013-05-21 03:14:07.319320064,0,0,,92 days 23:48:37.089843747,26065209.953396305,0.0,0.0
2013-05-21 14:56:00.562654976,0,0,,31 days 23:59:47.475585936,26065209.953396305,0.0,0.0
2013-05-21 14:56:24.435502080,0,449,1201.5857,31 days 23:59:47.475585936,26065209.953396305,6465600.0,0.24805478304453596
2013-05-21 14:56:26.031333888,0,0,,17 days 23:47:31.666259765,26065209.953396305,0.0,0.0
2013-05-27 03:14:41.937010944,0,0,,80 days 23:47:27.216796873,26213921.92990766,0.0,0.0
2013-05-27 03:14:51.681369088,0,0,,30 days 23:59:56.539306639,26213921.92990766,0.0,0.0
2013-05-27 15:08:17.296257024,0,119,1352.2269,79 days 23:59:29.018554684,26213921.92990766,1713600.0,0.06536984448881496
2013-05-27 15:08:41.170292992,0,0,,79 days 23:59:29.018554684,26213921.92990766,0.0,0.0
2013-05-27 15:14:31.944837888,0,609,1249.55,32 days 00:00:04.943847657,26213921.92990766,8769600.0,0.3345397923839354
2013-05-27 15:14:35.917139968,0,0,,17 days 23:47:40.400390621,26213921.92990766,0.0,0.0
2013-05-27 15:14:55.827403008,0,599,1243.3956,32 days 00:00:04.943847657,26213921.92990766,8625600.0,0.32904652814117785
2013-06-06 03:02:11.220408064,0,0,,31 days 00:12:13.996582027,26209029.492805127,0.0,0.0
2013-06-06 03:02:16.218554112,0,293,1425.9557,78 days 23:59:48.793945315,26209029.492805127,4219200.0,0.16098268732759638
2013-06-06 03:02:35.099927040,0,477,1706.673,31 days 00:12:13.996582027,26209029.492805127,6868800.0,0.26207761725345896
2013-06-06 14:56:19.877093120,0,0,,14 days 00:12:15.974121090,26209029.492805127,0.0,0.0
2013-06-06 15:02:35.091515904,0,0,,30 days 00:12:13.996582027,26209029.492805127,0.0,0.0
2013-06-06 15:23:29.742091008,0,0,,87 days 23:53:35.039062504,26209029.492805127,0.0,0.0
2013-06-12 03:14:23.767698944,0,0,,48 days 23:47:16.010742189,26381706.08294996,0.0,0.0
2013-06-12 03:14:28.655400960,0,0,,30 days 23:59:41.872558594,26381706.08294996,0.0,0.0
2013-06-12 15:08:14.190743040,0,0,,47 days 23:59:35.280761720,26381706.08294996,0.0,0.0
2013-06-12 15:08:38.063227904,0,0,,47 days 23:59:35.280761720,26381706.08294996,0.0,0.0
2013-06-13 03:08:08.113604096,0,0,,64 days 23:47:17.329101558,26394980.545395654,0.0,0.0
2013-06-13 03:08:27.177261056,0,122,1356.3934,78 days 23:59:42.202148441,26394980.545395654,1756800.0,0.06655810929576368
2013-06-13 03:08:31.991651072,0,356,1341.8539,64 days 23:47:17.329101558,26394980.545395654,5126400.0,0.1942187451581301
2013-06-13 03:08:37.324433920,0,109,1453.7247,46 days 23:59:36.928710936,26394980.545395654,1569600.0,0.05946585174785444
2013-06-13 15:02:03.032003072,0,0,,46 days 00:11:57.517089846,26394980.545395654,0.0,0.0
2013-06-13 15:02:24.533661952,0,0,,78 days 00:11:47.958984378,26394980.545395654,0.0,0.0
2013-06-13 15:02:25.383706880,0,479,1523.0919,63 days 23:59:30.336914063,26394980.545395654,6897600.0,0.2613224127268099
2013-06-13 15:02:26.904197120,0,44,1351.6818,46 days 00:11:57.517089846,26394980.545395654,633600.0,0.024004564008308214
2013-06-13 15:08:22.174862080,0,0,,15 days 23:59:52.089843747,26394980.545395654,0.0,0.0
2013-06-21 15:02:22.800943104,0,558,1624.0646,47 days 23:59:35.610351558,26485173.620082207,8035200.0,0.303384833917319
2013-07-06 15:08:11.972550912,0,0,,95 days 23:59:30.996093747,26517922.638191346,0.0,0.0
2013-07-06 15:08:35.846671104,0,0,,95 days 23:59:30.996093747,26517922.638191346,0.0,0.0
2013-07-15 15:02:25.992808960,0,161,1410.2112,95 days 23:59:42.202148441,26421408.042506788,2318400.0,0.08774702681515519
2013-07-15 15:08:26.264057088,0,0,,80 days 00:00:00,26421408.042506788,0.0,0.0
2013-07-15 15:29:58.463397120,0,0,,72 days 00:06:21.005859378,26421408.042506788,0.0,0.0
2014-03-11 15:13:04.731523072,0,1023,1514.7009,31 days 23:59:29.512939450,26449563.178067524,14731200.0,0.556954377689511
2014-03-11 15:13:28.588672000,0,1029,1562.6744,31 days 23:59:29.512939450,26449563.178067524,14817600.0,0.5602209722800652
2014-03-27 15:12:50.963932928,0,0,,63 days 23:59:01.992187495,26292071.350780852,0.0,0.0
2014-03-27 15:12:52.278710016,0,1017,1569.9685,31 days 23:59:29.348144531,26292071.350780852,14644800.0,0.5570044217746679
2014-03-27 15:13:14.823200000,0,0,,63 days 23:59:01.992187495,26292071.350780852,0.0,0.0
2014-04-12 15:12:35.759397120,0,0,,31 days 23:59:32.479248045,25901986.1755683,0.0,0.0
2014-04-12 15:12:44.808303104,0,264,1500.9015,95 days 23:58:49.467773441,25901986.1755683,3801600.0,0.1467686676315891
2014-04-12 15:13:08.684514048,0,284,1509.6162,95 days 23:58:49.467773441,25901986.1755683,4089600.0,0.15788750608852767
2014-04-21 15:06:17.708538112,0,0,,31 days 23:59:27.205810549,26434517.934052277,0.0,0.0
2014-04-21 15:06:21.228000000,0,0,,63 days 23:59:03.969726558,26434517.934052277,0.0,0.0
2014-04-21 15:06:55.056237056,0,218,1529.5688,95 days 23:59:05.947265621,26434517.934052277,3139200.0,0.11875382058532499
2014-05-07 15:06:05.310705920,0,0,,31 days 23:59:35.610351558,26394134.61291062,0.0,0.0
2014-05-07 15:06:19.112455936,0,0,,63 days 23:59:30.007324216,26394134.61291062,0.0,0.0
2014-05-16 15:00:37.810526976,0,0,,95 days 23:59:33.632812504,26527036.691833206,0.0,0.0
2014-05-30 15:12:21.435898112,0,0,,63 days 23:59:59.011230468,26798152.236528337,0.0,0.0
2014-05-30 15:12:45.307873024,0,0,,63 days 23:59:59.011230468,26798152.236528337,0.0,0.0
2014-06-01 15:00:32.739302912,0,207,1554.0483,95 days 23:59:52.749023441,26897799.410605233,2980800.0,0.11081947465281244
2014-06-15 15:12:27.812835072,0,0,,96 days 00:00:11.865234378,26804711.486310806,0.0,0.0
2014-06-15 15:12:51.686927872,0,0,,96 days 00:00:11.865234378,26804711.486310806,0.0,0.0
2014-07-01 00:12:28.141050112,0,0,,32 days 00:00:09.887695315,26345395.987904612,0.0,0.0
2014-07-01 15:12:21.657306880,0,469,1603.2559,64 days 00:00:23.730468747,26345395.987904612,6753600.0,0.2563483958677498
2014-07-01 15:12:45.548344064,0,471,1594.3759,64 days 00:00:23.730468747,26345395.987904612,6782400.0,0.25744156599938206
2014-07-11 00:00:32.895749888,0,0,,16 days 00:00:05.108642576,26119953.96341357,0.0,0.0
2014-07-11 00:00:34.284397056,0,0,,48 days 00:00:17.138671873,26119953.96341357,0.0,0.0
2014-07-11 15:00:03.021598976,0,0,,16 days 00:00:04.779052738,26119953.96341357,0.0,0.0
2014-07-19 00:00:36.590914048,0,0,,32 days 00:00:12.524414063,26428374.94670475,0.0,0.0
2014-07-19 15:00:06.886253056,0,0,,32 days 00:00:12.524414063,26428374.94670475,0.0,0.0
2014-07-19 23:54:01.631685888,0,1103,1501.2711,16 days 00:00:03.295898441,26428374.94670475,15883200.0,0.6009904139785338
2014-07-26 15:06:20.812071936,0,0,,32 days 00:00:11.535644531,26505571.61633156,0.0,0.0
2014-07-26 15:06:44.700990976,0,0,,32 days 00:00:11.535644531,26505571.61633156,0.0,0.0
2014-08-27 15:06:24.543929088,0,0,,64 days 00:00:13.842773441,27337227.35333291,0.0,0.0
2014-08-27 15:06:48.430729984,0,572,1279.1364,64 days 00:00:13.842773441,27337227.35333291,8236800.0,0.3013034165293937
2015-02-26 20:47:18.207194880,0,917,1381.6313,12 days 00:00:06.838989261,26651856.655888066,13204800.0,0.4954551636117526
2015-03-23 15:06:19.843280896,0,0,,31 days 23:59:40.883789063,26254607.42079047,0.0,0.0
2015-03-23 15:06:22.107845376,0,719,1495.8679,63 days 23:59:30.996093747,26254607.42079047,10353600.0,0.39435363987965033
2015-03-30 09:59:42.994287104,0,985,1427.9269,12 days 00:00:00.329589846,26484575.98526597,14184000.0,0.535556997698997
2015-03-30 10:00:08.232404992,0,0,,12 days 00:00:00.329589846,26484575.98526597,0.0,0.0
2015-03-30 15:12:05.116314112,0,708,1495.3306,63 days 23:59:26.052246090,26484575.98526597,10195200.0,0.38494858311765473
2015-03-30 15:12:28.101081088,0,0,,31 days 23:59:47.475585936,26484575.98526597,0.0,0.0
2015-03-30 15:12:28.979817984,0,731,1466.4459,63 days 23:59:26.052246090,26484575.98526597,10526400.0,0.39745397494209833
2015-04-17 14:59:30.762839040,0,0,,31 days 23:59:46.981201171,26686902.11378886,0.0,0.0
2015-04-17 15:00:05.208910080,0,316,1315.1487,95 days 23:59:23.745117189,26686902.11378886,4550400.0,0.170510611557602
2015-04-24 15:05:37.167742720,0,0,,31 days 23:59:41.378173828,26415821.813725766,0.0,0.0
2015-04-24 15:06:01.033364992,0,0,,31 days 23:59:41.378173828,26415821.813725766,0.0,0.0
2015-04-24 15:06:05.929861888,0,670,1481.0194,63 days 23:59:31.325683594,26415821.813725766,9648000.0,0.36523565566250377
2015-04-24 15:06:16.151316992,0,61,1291.9344,95 days 23:59:33.632812504,26415821.813725766,878400.0,0.033252798500616014
2015-05-01 15:11:52.055272960,0,681,1463.8678,63 days 23:59:41.542968747,26420579.234710928,9806400.0,0.3711652160569028
2015-05-01 15:12:15.935719936,0,665,1486.5474,63 days 23:59:41.872558594,26420579.234710928,9576000.0,0.36244474108346597
2015-05-01 15:12:25.543046656,0,277,1303.4982,95 days 23:59:42.202148441,26420579.234710928,3988800.0,0.15097322297762417
2015-05-10 15:05:35.757949952,0,0,,31 days 23:59:44.014892576,26321219.013112783,0.0,0.0
2015-05-10 15:05:42.752865280,0,0,,63 days 23:59:52.749023441,26321219.013112783,0.0,0.0
2015-05-10 15:06:06.631194880,0,0,,63 days 23:59:52.749023441,26321219.013112783,0.0,0.0
2015-05-10 15:06:14.393115904,0,276,1424.326,95 days 23:59:48.134765621,26321219.013112783,3974400.0,0.15099604611853354
2015-05-26 15:05:33.467408896,0,0,,32 days 00:00:11.206054684,26708840.026501317,0.0,0.0
2015-05-26 15:05:44.223322112,0,0,,64 days 00:00:00.659179684,26708840.026501317,0.0,0.0
2015-05-26 15:05:51.112858880,0,0,,96 days 00:00:09.228515621,26708840.026501317,0.0,0.0
2015-05-26 15:05:57.341501952,0,1029,1491.9728,32 days 00:00:11.206054684,26708840.026501317,14817600.0,0.5547826107497567
2015-06-02 15:11:54.453892096,0,527,1537.8615,64 days 00:00:12.524414063,26749476.103796482,7588800.0,0.2836990141621107
2015-06-02 15:12:03.619493120,0,0,,96 days 00:00:11.206054684,26749476.103796482,0.0,0.0
2015-06-02 15:12:18.332220928,0,515,1582.4408,64 days 00:00:12.524414063,26749476.103796482,7416000.0,0.2772390745606964
2015-06-02 15:12:27.495705088,0,0,,96 days 00:00:11.206054684,26749476.103796482,0.0,0.0
2015-06-02 20:47:02.806065920,0,0,,12 days 00:00:00.741577144,26749476.103796482,0.0,0.0
2015-06-02 20:47:27.633078016,0,1130,1519.6469,12 days 00:00:00.741577144,26749476.103796482,16272000.0,0.6083109791331786
2015-06-11 15:05:36.206583040,0,0,,32 days 00:00:16.809082027,26482531.233277243,0.0,0.0
2015-06-11 15:05:41.827403008,0,0,,64 days 00:00:27.685546873,26482531.233277243,0.0,0.0
2015-06-11 15:05:52.156925696,0,0,,96 days 00:00:16.479492189,26482531.233277243,0.0,0.0
2015-06-11 15:06:00.099738112,0,1004,1537.4342,32 days 00:00:16.809082027,26482531.233277243,14457600.0,0.5459296874851964
2015-06-11 15:06:05.705732096,0,461,1595.3492,64 days 00:00:27.685546873,26482531.233277243,6638400.0,0.25067090232139
2015-06-11 15:06:16.035255040,0,245,1480.2612,96 days 00:00:16.479492189,26482531.233277243,3528000.0,0.13321989385843938
2015-06-18 15:11:51.834784000,0,975,1677.7733,32 days 00:00:17.797851558,26778668.135037247,14040000.0,0.5242979198666734
2015-06-18 15:11:59.987291904,0,242,1441.5826,96 days 00:00:23.730468747,26778668.135037247,3484800.0,0.13013343241818973
2015-06-18 15:12:15.727938816,0,982,1679.1548,32 days 00:00:17.797851558,26778668.135037247,14140800.0,0.528062110060588
2015-06-18 15:12:23.861384960,0,259,1407.081,96 days 00:00:23.730468747,26778668.135037247,3729600.0,0.1392750371748394
2015-06-27 15:05:46.942907904,0,0,,96 days 00:00:38.232421873,26701611.92335292,0.0,0.0
2015-06-27 15:05:47.412625920,0,0,,32 days 00:00:16.809082027,26701611.92335292,0.0,0.0
2015-06-27 15:06:08.037577984,0,501,1545.7046,64 days 00:00:32.958984378,26701611.92335292,7214400.0,0.2701859356172565
2015-06-27 15:06:11.303663104,0,1019,1689.684,32 days 00:00:16.809082027,26701611.92335292,14673600.0,0.549539857073821
2015-07-13 15:05:52.528131072,0,0,,64 days 00:00:27.026367189,26626466.76025286,0.0,0.0
2015-07-13 15:05:52.605659904,0,0,,32 days 00:00:15.820312504,26626466.76025286,0.0,0.0
2015-07-13 15:06:16.419167744,0,694,1538.9799,64 days 00:00:27.026367189,26626466.76025286,9993600.0,0.37532580232981294
2015-07-13 15:06:16.500933120,0,1065,1524.6666,32 days 00:00:15.820312504,26626466.76025286,15336000.0,0.5759682701458946
2015-07-20 15:12:06.303886080,0,1051,1440.8668,32 days 00:00:11.206054684,26539918.41791011,15134400.0,0.5702504341455229
2015-07-20 15:12:06.461767936,0,0,,64 days 00:00:27.026367189,26539918.41791011,0.0,0.0
2015-07-20 15:12:28.077379072,0,296,1408.7804,96 days 00:00:42.846679684,26539918.41791011,4262400.0,0.1606033572855136
2015-07-20 15:12:30.194922752,0,1048,1442.7595,32 days 00:00:11.206054684,26539918.41791011,15091200.0,0.5686226974162778
2015-07-29 15:06:24.783500032,0,1074,1362.324,32 days 00:00:10.217285153,26610465.701527867,15465600.0,0.5811848681442665
2015-08-05 15:12:14.716370944,0,0,,32 days 00:00:10.876464846,26868229.341063026,0.0,0.0
2015-08-05 15:12:37.015198976,0,782,1373.046,64 days 00:00:24.389648441,26868229.341063026,11260800.0,0.41911209916576037
2015-08-14 15:06:04.678774016,0,0,,96 days 00:00:40.209960936,26742283.108515266,0.0,0.0
2015-08-23 15:00:21.106695936,0,241,1303.1328,96 days 00:00:32.958984378,26838324.300524916,3470400.0,0.12930762595830636
2015-09-06 15:12:23.718688256,0,652,1349.4126,64 days 00:00:23.730468747,26655072.74090923,9388800.0,0.35223314118330706
2015-09-06 15:12:24.375139072,0,61,1174.4263,96 days 00:00:30.322265621,26655072.74090923,878400.0,0.032954327626045596
2015-09-06 20:47:06.993615104,0,0,,12 days 00:00:00.494384765,26655072.74090923,0.0,0.0
2015-09-06 20:47:31.822679808,0,1151,1372.6542,12 days 00:00:00.494384765,26655072.74090923,16574400.0,0.6218103458619424
2015-09-08 15:00:05.833195264,0,0,,32 days 00:00:13.183593747,26164521.44764611,0.0,0.0
2015-09-08 15:00:29.717879040,0,1116,1341.6757,32 days 00:00:13.183593747,26164521.44764611,16070400.0,0.6142057683782239
2015-09-24 15:00:33.338211328,0,1058,1306.9725,32 days 00:00:08.569335936,26295554.252594784,15235200.0,0.5793831099223408
2016-02-29 09:59:57.769485056,0,977,1471.7451,12 days 00:00:00.164794919,27095755.60222526,14068800.0,0.5192252324140608
2016-04-17 15:12:12.979339008,0,1074,1552.2328,31 days 23:59:58.516845702,27188247.575648807,15465600.0,0.5688340139234199
2016-04-17 15:19:22.160401920,0,1043,1528.2646,29 days 23:59:47.969970702,27188247.575648807,15019200.0,0.5524151550485353
2016-04-17 15:19:24.160401920,0,1043,1528.2646,29 days 23:59:44.014892576,27188247.575648807,15019200.0,0.5524151550485353
2016-04-26 15:06:28.895140096,0,708,1551.7839,63 days 23:59:54.726562504,27361039.059602447,10195200.0,0.3726174279343372
2016-05-05 14:59:47.642353920,0,0,,32 days 00:00:02.636718747,27282126.449588537,0.0,0.0
2016-05-05 14:59:52.788262912,0,0,,64 days 00:00:01.977539063,27282126.449588537,0.0,0.0
2016-05-05 15:00:16.664475136,0,471,1520.0977,64 days 00:00:01.977539063,27282126.449588537,6782400.0,0.24860232256940845
2016-05-05 15:00:23.835968000,0,0,,95 days 23:59:57.363281252,27282126.449588537,0.0,0.0
2016-05-05 15:29:22.160424960,0,0,,19 days 23:59:40.059814450,27282126.449588537,0.0,0.0
2016-05-05 15:29:22.160424960,0,1189,1592.736,19 days 23:59:40.059814450,27282126.449588537,17121600.0,0.6275757145117339
2016-05-05 15:29:22.160424960,0,0,,19 days 23:59:40.059814450,27282126.449588537,0.0,0.0
2016-05-05 15:29:22.160424960,0,0,,19 days 23:59:40.059814450,27282126.449588537,0.0,0.0
2016-05-05 15:29:22.160424960,0,0,,19 days 23:59:40.059814450,27282126.449588537,0.0,0.0
2016-05-05 15:29:22.160424960,0,1189,1592.736,19 days 23:59:40.059814450,27282126.449588537,17121600.0,0.6275757145117339
2016-05-05 15:29:22.160424960,0,0,,19 days 23:59:40.059814450,27282126.449588537,0.0,0.0
2016-05-05 15:29:22.160424960,0,0,,19 days 23:59:40.059814450,27282126.449588537,0.0,0.0
2016-05-05 15:29:22.160424960,0,0,,19 days 23:59:40.059814450,27282126.449588537,0.0,0.0
2016-05-05 15:29:22.160424960,0,1189,1592.736,19 days 23:59:40.059814450,27282126.449588537,17121600.0,0.6275757145117339
2016-05-05 15:29:22.160424960,0,0,,19 days 23:59:40.059814450,27282126.449588537,0.0,0.0
2016-05-05 15:29:22.160424960,0,0,,19 days 23:59:40.059814450,27282126.449588537,0.0,0.0
2016-05-05 15:29:22.160424960,0,0,,19 days 23:59:40.059814450,27282126.449588537,0.0,0.0
2016-05-05 15:29:22.160424960,0,1189,1592.736,19 days 23:59:40.059814450,27282126.449588537,17121600.0,0.6275757145117339
2016-05-05 15:29:22.160424960,0,0,,19 days 23:59:40.059814450,27282126.449588537,0.0,0.0
2016-05-05 15:29:22.160424960,0,0,,19 days 23:59:40.059814450,27282126.449588537,0.0,0.0
2016-05-25 15:24:57.241422080,0,0,,16 days 00:00:05.767822261,27017170.635738976,0.0,0.0
2016-05-25 15:29:18.160404992,0,0,,99 days 23:59:44.179687495,27017170.635738976,0.0,0.0
2016-05-25 15:29:18.160404992,0,0,,99 days 23:59:44.179687495,27017170.635738976,0.0,0.0
2016-05-25 15:29:18.160404992,0,187,1455.1177,99 days 23:59:44.179687495,27017170.635738976,2692800.0,0.09966994828236744
2016-05-25 15:29:18.160404992,0,0,,99 days 23:59:44.179687495,27017170.635738976,0.0,0.0
2016-05-25 15:29:18.160404992,0,0,,99 days 23:59:44.179687495,27017170.635738976,0.0,0.0
2016-05-25 15:29:18.160404992,0,0,,99 days 23:59:44.179687495,27017170.635738976,0.0,0.0
2016-05-25 15:29:18.160404992,0,187,1455.1177,99 days 23:59:44.179687495,27017170.635738976,2692800.0,0.09966994828236744
2016-05-25 15:29:18.160404992,0,0,,99 days 23:59:44.179687495,27017170.635738976,0.0,0.0
2016-05-25 15:29:18.160404992,0,0,,99 days 23:59:44.179687495,27017170.635738976,0.0,0.0
2016-05-25 15:29:18.160404992,0,0,,99 days 23:59:44.179687495,27017170.635738976,0.0,0.0
2016-05-25 15:29:18.160404992,0,187,1455.1177,99 days 23:59:44.179687495,27017170.635738976,2692800.0,0.09966994828236744
2016-05-25 15:29:18.160404992,0,0,,99 days 23:59:44.179687495,27017170.635738976,0.0,0.0
2016-05-25 15:29:18.160404992,0,0,,99 days 23:59:44.179687495,27017170.635738976,0.0,0.0
2016-05-25 15:29:18.160404992,0,0,,99 days 23:59:44.179687495,27017170.635738976,0.0,0.0
2016-05-25 15:29:18.160404992,0,187,1455.1177,99 days 23:59:44.179687495,27017170.635738976,2692800.0,0.09966994828236744
2016-05-25 15:29:18.160404992,0,0,,99 days 23:59:44.179687495,27017170.635738976,0.0,0.0
2016-05-25 15:29:19.160404736,0,0,,99 days 23:59:46.157226558,27017170.635738976,0.0,0.0
2016-05-25 15:29:21.160404992,0,0,,99 days 23:59:38.247070315,27017170.635738976,0.0,0.0
2016-05-25 15:29:21.160404992,0,187,1455.1177,99 days 23:59:38.247070315,27017170.635738976,2692800.0,0.09966994828236744
2016-05-25 15:29:21.160404992,0,0,,99 days 23:59:38.247070315,27017170.635738976,0.0,0.0
2016-05-25 15:29:21.160404992,0,187,1455.1177,99 days 23:59:38.247070315,27017170.635738976,2692800.0,0.09966994828236744
2016-05-25 15:29:21.660424960,0,0,,59 days 23:59:38.906250,27017170.635738976,0.0,0.0
2016-05-25 15:29:22.160404992,0,0,,99 days 23:59:40.224609378,27017170.635738976,0.0,0.0
2016-05-25 15:29:22.160424960,0,590,1717.8882,59 days 23:59:39.895019531,27017170.635738976,8496000.0,0.3144666817465069
2016-06-05 15:06:08.496143872,0,0,,80 days 00:00:25.048828126,26808815.36341321,0.0,0.0
2016-06-05 15:06:27.795570944,0,1111,1820.9415,16 days 00:00:02.966308594,26808815.36341321,15998400.0,0.5967589310877754
2016-06-05 15:06:32.372355840,0,243,1497.247,80 days 00:00:25.048828126,26808815.36341321,3499200.0,0.1305242306519617
2016-06-13 00:06:37.896783104,0,0,,32 days 00:00:11.206054684,27157885.85739738,0.0,0.0
2016-06-13 15:06:08.045061888,0,0,,32 days 00:00:11.206054684,27157885.85739738,0.0,0.0
2016-06-13 15:06:10.371687936,0,0,,96 days 00:00:29.003906252,27157885.85739738,0.0,0.0
2016-06-13 15:06:34.252135936,0,254,1333.5511,96 days 00:00:29.003906252,27157885.85739738,3657600.0,0.13467911380162634
2016-06-20 00:12:27.597725952,0,0,,32 days 00:00:12.854003909,27226518.671476886,0.0,0.0
2016-06-20 00:12:27.834663936,0,0,,64 days 00:00:24.389648441,27226518.671476886,0.0,0.0
2016-06-20 15:12:21.586208000,0,45,1186.6222,32 days 00:00:13.183593747,27226518.671476886,648000.0,0.023800325257112634
2016-06-20 15:12:24.247399936,0,269,1289.0781,96 days 00:00:24.389648441,27226518.671476886,3873600.0,0.14227305542585106
2016-06-20 15:49:12.160510976,0,0,,80 days 00:00:00,27226518.671476886,0.0,0.0
2016-06-20 15:50:12.660510976,0,0,,79 days 23:57:58.710937495,27226518.671476886,0.0,0.0
2016-07-08 00:00:35.550371072,0,0,,32 days 00:00:14.172363279,27465485.889510643,0.0,0.0
2016-07-08 15:00:05.705110016,0,0,,32 days 00:00:13.842773441,27465485.889510643,0.0,0.0
2016-07-08 15:09:13.660627968,0,1139,1542.705,20 days 00:00:02.966308594,27465485.889510643,16401600.0,0.5971713031395502
2016-07-08 15:09:14.160607744,0,839,1207.7258,59 days 23:59:56.044921873,27465485.889510643,12081600.0,0.4398829880018285
2016-07-08 15:09:14.660627968,0,1139,1542.705,20 days 00:00:00.988769531,27465485.889510643,16401600.0,0.5971713031395502
2016-07-08 15:09:17.160608000,0,839,1207.7258,59 days 23:59:50.112304684,27465485.889510643,12081600.0,0.4398829880018285
2016-07-15 00:06:49.092451072,0,0,,32 days 00:00:11.206054684,27603842.43880937,0.0,0.0
2016-07-15 15:06:19.204815104,0,0,,32 days 00:00:11.206054684,27603842.43880937,0.0,0.0
2016-07-15 15:49:12.160620032,0,0,,50 days 00:00:00,27603842.43880937,0.0,0.0
2016-07-15 15:49:12.160620032,0,0,,50 days 00:00:00,27603842.43880937,0.0,0.0
2016-07-15 15:49:12.160620032,0,0,,50 days 00:00:00,27603842.43880937,0.0,0.0
2016-07-15 15:49:12.160620032,0,0,,50 days 00:00:00,27603842.43880937,0.0,0.0
2016-07-22 15:39:10.160707072,0,0,,30 days 00:00:03.955078126,26873393.846725266,0.0,0.0
2016-07-22 15:39:11.160617216,0,0,,70 days 00:00:01.977539063,26873393.846725266,0.0,0.0
2016-07-22 15:39:12.160616960,0,0,,70 days 00:00:00,26873393.846725266,0.0,0.0
2016-07-22 15:39:12.160706816,0,0,,30 days 00:00:00,26873393.846725266,0.0,0.0
2016-07-22 15:39:12.160706816,0,0,,30 days 00:00:00,26873393.846725266,0.0,0.0
2016-07-22 15:39:12.160706816,0,0,,30 days 00:00:00,26873393.846725266,0.0,0.0
2016-07-22 15:39:12.160706816,0,0,,30 days 00:00:00,26873393.846725266,0.0,0.0
2016-07-22 15:39:12.160706816,0,0,,30 days 00:00:00,26873393.846725266,0.0,0.0
2016-07-22 15:39:12.160706816,0,0,,30 days 00:00:00,26873393.846725266,0.0,0.0
2016-07-22 15:39:12.160706816,0,0,,30 days 00:00:00,26873393.846725266,0.0,0.0
2016-07-22 15:39:12.160706816,0,0,,30 days 00:00:00,26873393.846725266,0.0,0.0
2016-07-22 15:39:12.160706816,0,0,,30 days 00:00:00,26873393.846725266,0.0,0.0
2016-07-22 15:39:12.160706816,0,0,,30 days 00:00:00,26873393.846725266,0.0,0.0
2016-07-22 15:39:12.160706816,0,0,,30 days 00:00:00,26873393.846725266,0.0,0.0
2016-07-22 15:39:12.160706816,0,0,,30 days 00:00:00,26873393.846725266,0.0,0.0
2016-07-22 15:39:12.160706816,0,0,,30 days 00:00:00,26873393.846725266,0.0,0.0
2016-07-22 15:39:12.160706816,0,0,,30 days 00:00:00,26873393.846725266,0.0,0.0
2016-07-22 15:39:12.160706816,0,0,,30 days 00:00:00,26873393.846725266,0.0,0.0
2016-07-22 15:39:12.160706816,0,0,,30 days 00:00:00,26873393.846725266,0.0,0.0
2016-07-22 15:39:12.160717056,0,0,,10 days 00:00:00,26873393.846725266,0.0,0.0
2016-07-22 15:39:12.160717056,0,0,,10 days 00:00:00,26873393.846725266,0.0,0.0
2016-07-22 15:39:12.160717056,0,0,,10 days 00:00:00,26873393.846725266,0.0,0.0
2016-07-22 15:39:12.160717056,0,0,,10 days 00:00:00,26873393.846725266,0.0,0.0
2016-07-22 15:40:21.160717056,0,0,,9 days 23:57:41.984252928,26873393.846725266,0.0,0.0
2016-07-24 15:00:10.182708736,0,0,,64 days 00:00:23.071289063,27650287.342201043,0.0,0.0
2016-07-24 15:00:11.069133056,0,0,,32 days 00:00:07.250976558,27650287.342201043,0.0,0.0
2016-07-24 15:00:34.071628800,0,311,753.02893,64 days 00:00:23.071289063,27650287.342201043,4478400.0,0.16196576710307367
2016-07-24 15:00:34.953817088,0,1130,761.6292,32 days 00:00:07.250976558,27650287.342201043,16272000.0,0.5884929801494316
2016-07-24 15:29:11.160713728,0,1169,661.4731,20 days 00:00:01.977539063,27650287.342201043,16833600.0,0.6088037998183059
2016-07-24 15:29:11.160713728,0,0,,20 days 00:00:01.977539063,27650287.342201043,0.0,0.0
2016-07-24 15:29:11.160713728,0,0,,20 days 00:00:01.977539063,27650287.342201043,0.0,0.0
2016-07-24 15:29:11.160713728,0,0,,20 days 00:00:01.977539063,27650287.342201043,0.0,0.0
2016-07-24 15:29:11.160713728,0,1169,661.4731,20 days 00:00:01.977539063,27650287.342201043,16833600.0,0.6088037998183059
2016-07-24 15:29:11.160713728,0,0,,20 days 00:00:01.977539063,27650287.342201043,0.0,0.0
2016-07-24 15:29:11.160713728,0,0,,20 days 00:00:01.977539063,27650287.342201043,0.0,0.0
2016-07-24 15:29:11.160713728,0,0,,20 days 00:00:01.977539063,27650287.342201043,0.0,0.0
2016-07-24 15:29:11.160713728,0,1169,661.4731,20 days 00:00:01.977539063,27650287.342201043,16833600.0,0.6088037998183059
2016-07-24 15:29:11.160713728,0,0,,20 days 00:00:01.977539063,27650287.342201043,0.0,0.0
2016-07-24 15:29:11.160713728,0,0,,20 days 00:00:01.977539063,27650287.342201043,0.0,0.0
2016-07-24 15:29:11.160713728,0,0,,20 days 00:00:01.977539063,27650287.342201043,0.0,0.0
2016-07-24 15:29:11.160713728,0,1169,661.4731,20 days 00:00:01.977539063,27650287.342201043,16833600.0,0.6088037998183059
2016-07-24 15:29:11.160713728,0,0,,20 days 00:00:01.977539063,27650287.342201043,0.0,0.0
2016-07-24 15:29:11.160713728,0,0,,20 days 00:00:01.977539063,27650287.342201043,0.0,0.0
2016-07-24 15:29:11.160713728,0,0,,20 days 00:00:01.977539063,27650287.342201043,0.0,0.0
2016-07-24 15:29:12.160713984,0,0,,20 days 00:00:00,27650287.342201043,0.0,0.0
2016-07-24 15:29:12.160713984,0,0,,20 days 00:00:00,27650287.342201043,0.0,0.0
2016-07-24 15:29:12.160713984,0,0,,20 days 00:00:00,27650287.342201043,0.0,0.0
2016-07-24 15:29:12.160713984,0,0,,20 days 00:00:00,27650287.342201043,0.0,0.0
2016-07-24 23:54:31.669960192,0,0,,16 days 00:00:03.460693360,27650287.342201043,0.0,0.0
2016-07-31 15:06:24.652337920,0,0,,32 days 00:00:07.250976558,27443416.004677076,0.0,0.0
2016-07-31 15:19:12.160621056,0,0,,80 days 00:00:00,27443416.004677076,0.0,0.0
2016-07-31 15:19:12.160621056,0,864,834.75116,80 days 00:00:00,27443416.004677076,12441600.0,0.4533546406132395
2016-07-31 15:19:12.160621056,0,0,,80 days 00:00:00,27443416.004677076,0.0,0.0
2016-07-31 15:19:12.160621056,0,864,834.75116,80 days 00:00:00,27443416.004677076,12441600.0,0.4533546406132395
2016-07-31 15:19:12.160700928,0,0,,60 days 00:00:00,27443416.004677076,0.0,0.0
2016-07-31 15:19:12.160720896,0,0,,20 days 00:00:00,27443416.004677076,0.0,0.0
2016-07-31 15:19:12.160720896,0,0,,20 days 00:00:00,27443416.004677076,0.0,0.0
2016-07-31 15:19:12.160720896,0,1234,467.73502,20 days 00:00:00,27443416.004677076,17769600.0,0.6474995677277054
2016-07-31 15:19:12.160720896,0,0,,20 days 00:00:00,27443416.004677076,0.0,0.0
2016-07-31 15:19:12.160720896,0,0,,20 days 00:00:00,27443416.004677076,0.0,0.0
2016-07-31 15:19:12.160720896,0,1234,467.73502,20 days 00:00:00,27443416.004677076,17769600.0,0.6474995677277054
2016-07-31 15:19:12.160720896,0,0,,20 days 00:00:00,27443416.004677076,0.0,0.0
2016-07-31 15:19:12.160720896,0,0,,20 days 00:00:00,27443416.004677076,0.0,0.0
2016-07-31 15:19:12.160720896,0,1234,467.73502,20 days 00:00:00,27443416.004677076,17769600.0,0.6474995677277054
2016-07-31 15:19:12.660700928,0,0,,59 days 23:59:59.011230468,27443416.004677076,0.0,0.0
2016-07-31 15:19:12.660721152,0,0,,19 days 23:59:59.011230468,27443416.004677076,0.0,0.0
2016-08-09 15:00:12.782508032,0,0,,96 days 00:00:28.344726558,27527709.44387629,0.0,0.0
2016-08-09 15:00:17.170654976,0,0,,32 days 00:00:08.898925783,27527709.44387629,0.0,0.0
2016-08-09 15:00:36.667191040,0,733,761.9154,96 days 00:00:28.344726558,27527709.44387629,10555200.0,0.38343909512413393
2016-08-09 15:00:40.717485056,0,0,,64 days 00:00:19.116210936,27527709.44387629,0.0,0.0
2016-08-09 15:00:41.057456896,0,490,383.40408,32 days 00:00:08.898925783,27527709.44387629,7056000.0,0.2563235424431455
2016-08-16 15:06:26.492936192,0,0,,96 days 00:00:25.708007810,27414281.878360033,0.0,0.0
2016-08-16 15:39:07.160717056,0,0,,59 days 23:59:50.112304684,27414281.878360033,0.0,0.0
2016-08-16 15:39:07.160717056,0,0,,59 days 23:59:50.112304684,27414281.878360033,0.0,0.0
2016-08-16 15:39:07.160717056,0,0,,59 days 23:59:50.112304684,27414281.878360033,0.0,0.0
2016-08-16 15:39:07.160717056,0,0,,59 days 23:59:50.112304684,27414281.878360033,0.0,0.0
2016-08-16 15:39:12.160805888,0,0,,20 days 00:00:00,27414281.878360033,0.0,0.0
2016-08-16 15:39:12.160805888,0,0,,20 days 00:00:00,27414281.878360033,0.0,0.0
2016-08-16 15:39:12.160805888,0,0,,20 days 00:00:00,27414281.878360033,0.0,0.0
2016-08-16 15:39:12.160805888,0,0,,20 days 00:00:00,27414281.878360033,0.0,0.0
2016-08-16 15:39:35.160707072,0,0,,80 days 00:00:54.052734378,27414281.878360033,0.0,0.0
2016-08-16 15:39:37.160707072,0,0,,80 days 00:00:50.097656252,27414281.878360033,0.0,0.0
2016-08-16 15:39:37.160707072,0,0,,80 days 00:00:50.097656252,27414281.878360033,0.0,0.0
2016-08-16 15:39:37.160707072,0,0,,80 days 00:00:50.097656252,27414281.878360033,0.0,0.0
2016-08-16 15:39:37.160707072,0,0,,80 days 00:00:50.097656252,27414281.878360033,0.0,0.0
2016-08-16 15:39:37.160707072,0,0,,80 days 00:00:50.097656252,27414281.878360033,0.0,0.0
2016-08-16 15:39:37.160707072,0,0,,80 days 00:00:50.097656252,27414281.878360033,0.0,0.0
2016-08-16 15:39:37.160707072,0,0,,80 days 00:00:50.097656252,27414281.878360033,0.0,0.0
2016-08-16 15:39:37.160707072,0,0,,80 days 00:00:50.097656252,27414281.878360033,0.0,0.0
2016-08-16 15:39:37.160707072,0,0,,80 days 00:00:50.097656252,27414281.878360033,0.0,0.0
2016-08-16 15:39:37.160707072,0,0,,80 days 00:00:50.097656252,27414281.878360033,0.0,0.0
2016-08-16 15:39:37.160707072,0,0,,80 days 00:00:50.097656252,27414281.878360033,0.0,0.0
2016-08-16 15:39:37.160707072,0,0,,80 days 00:00:50.097656252,27414281.878360033,0.0,0.0
2016-08-16 15:39:37.160707072,0,0,,80 days 00:00:50.097656252,27414281.878360033,0.0,0.0
2016-08-16 15:39:37.160707072,0,0,,80 days 00:00:50.097656252,27414281.878360033,0.0,0.0
2016-08-16 15:39:37.160707072,0,0,,80 days 00:00:50.097656252,27414281.878360033,0.0,0.0
2016-08-16 15:39:37.160707072,0,0,,80 days 00:00:50.097656252,27414281.878360033,0.0,0.0
2016-08-16 15:40:16.160717056,0,0,,59 days 23:57:32.014160153,27414281.878360033,0.0,0.0
2016-09-15 15:18:57.246418944,0,0,,64 days 00:00:16.479492189,26369211.755012877,0.0,0.0
2016-09-15 15:19:21.133221120,0,0,,64 days 00:00:16.479492189,26369211.755012877,0.0,0.0
2016-09-15 15:40:12.160826368,0,0,,40 days 00:01:59.970703126,26369211.755012877,0.0,0.0
2016-09-15 15:40:12.160826368,0,0,,40 days 00:01:59.970703126,26369211.755012877,0.0,0.0
2016-09-15 15:40:12.160826368,0,0,,40 days 00:01:59.970703126,26369211.755012877,0.0,0.0
2016-09-15 15:40:12.160826368,0,0,,40 days 00:01:59.970703126,26369211.755012877,0.0,0.0
2016-09-26 15:00:51.737099008,0,283,585.2827,64 days 00:00:12.524414063,27068677.451118123,4075200.0,0.150550391956134
2017-02-03 09:51:13.860581120,0,0,,5 days 23:59:17.853698734,27066951.05506836,0.0,0.0
2017-02-03 09:51:40.476438016,0,1199,1048.1718,5 days 23:59:17.853698734,27066951.05506836,17265600.0,0.637884923383972
2017-02-03 20:47:24.545543936,0,1114,1011.1077,11 days 23:59:59.752807621,27066951.05506836,16041600.0,0.592663723644491
2017-02-03 20:47:49.366386944,0,0,,11 days 23:59:59.752807621,27066951.05506836,0.0,0.0
2017-09-20 03:29:55.170906880,0,0,,25 days 00:01:28.000488279,27593025.04143588,0.0,0.0
2017-09-20 03:29:55.170906880,0,0,,25 days 00:01:28.000488279,27593025.04143588,0.0,0.0
2017-09-20 03:29:55.170906880,0,0,,25 days 00:01:28.000488279,27593025.04143588,0.0,0.0
2017-09-20 03:29:55.170906880,0,0,,25 days 00:01:28.000488279,27593025.04143588,0.0,0.0
2017-09-20 03:29:55.170906880,0,0,,25 days 00:01:28.000488279,27593025.04143588,0.0,0.0
2017-09-20 03:29:55.170906880,0,0,,25 days 00:01:28.000488279,27593025.04143588,0.0,0.0
2017-09-20 03:29:55.170906880,0,0,,25 days 00:01:28.000488279,27593025.04143588,0.0,0.0
2017-09-20 03:29:55.170906880,0,0,,25 days 00:01:28.000488279,27593025.04143588,0.0,0.0
2017-09-20 03:29:55.170906880,0,0,,25 days 00:01:28.000488279,27593025.04143588,0.0,0.0
2017-09-20 03:29:55.170906880,0,0,,25 days 00:01:28.000488279,27593025.04143588,0.0,0.0
2017-09-20 03:29:55.170906880,0,0,,25 days 00:01:28.000488279,27593025.04143588,0.0,0.0
2017-09-20 03:29:55.170906880,0,0,,25 days 00:01:28.000488279,27593025.04143588,0.0,0.0
2017-09-20 03:29:55.170906880,0,0,,25 days 00:01:28.000488279,27593025.04143588,0.0,0.0
2017-09-20 03:29:55.170906880,0,0,,25 days 00:01:28.000488279,27593025.04143588,0.0,0.0
2017-09-20 03:29:55.170906880,0,0,,25 days 00:01:28.000488279,27593025.04143588,0.0,0.0
2017-09-20 03:29:55.170906880,0,0,,25 days 00:01:28.000488279,27593025.04143588,0.0,0.0
2017-09-20 03:29:55.170906880,0,0,,25 days 00:01:28.000488279,27593025.04143588,0.0,0.0
2017-09-20 03:29:55.170906880,0,0,,25 days 00:01:28.000488279,27593025.04143588,0.0,0.0
2017-09-20 03:29:55.170906880,0,0,,25 days 00:01:28.000488279,27593025.04143588,0.0,0.0
2017-09-20 03:29:55.170906880,0,0,,25 days 00:01:28.000488279,27593025.04143588,0.0,0.0
2017-09-20 03:29:55.170906880,0,0,,25 days 00:01:28.000488279,27593025.04143588,0.0,0.0
2017-09-20 03:29:55.170906880,0,0,,25 days 00:01:28.000488279,27593025.04143588,0.0,0.0
2017-09-20 03:29:55.170906880,0,0,,25 days 00:01:28.000488279,27593025.04143588,0.0,0.0
2017-09-20 03:29:55.170906880,0,0,,25 days 00:01:28.000488279,27593025.04143588,0.0,0.0
2017-09-20 03:29:55.170906880,0,0,,25 days 00:01:28.000488279,27593025.04143588,0.0,0.0
2017-09-20 15:40:34.170825984,0,0,,50 days 00:03:09.843750,27593025.04143588,0.0,0.0
2017-09-20 15:40:34.170825984,0,0,,50 days 00:03:09.843750,27593025.04143588,0.0,0.0
2017-09-20 15:40:34.170825984,0,0,,50 days 00:03:09.843750,27593025.04143588,0.0,0.0
2017-09-20 15:40:34.170825984,0,0,,50 days 00:03:09.843750,27593025.04143588,0.0,0.0
2017-09-20 15:40:34.170825984,0,0,,50 days 00:03:09.843750,27593025.04143588,0.0,0.0
2017-09-20 15:40:34.170825984,0,0,,50 days 00:03:09.843750,27593025.04143588,0.0,0.0
2017-09-20 15:40:34.170825984,0,0,,50 days 00:03:09.843750,27593025.04143588,0.0,0.0
2017-09-20 15:40:34.170825984,0,0,,50 days 00:03:09.843750,27593025.04143588,0.0,0.0
2017-09-20 15:40:34.170825984,0,0,,50 days 00:03:09.843750,27593025.04143588,0.0,0.0
2017-09-20 15:40:34.170825984,0,0,,50 days 00:03:09.843750,27593025.04143588,0.0,0.0
2017-09-20 15:40:34.170825984,0,0,,50 days 00:03:09.843750,27593025.04143588,0.0,0.0
2017-09-20 15:40:34.170825984,0,0,,50 days 00:03:09.843750,27593025.04143588,0.0,0.0
2017-09-20 15:40:34.170825984,0,0,,50 days 00:03:09.843750,27593025.04143588,0.0,0.0
2017-09-20 15:40:34.170825984,0,0,,50 days 00:03:09.843750,27593025.04143588,0.0,0.0
2017-09-20 15:40:34.170825984,0,0,,50 days 00:03:09.843750,27593025.04143588,0.0,0.0
2017-09-20 15:40:34.170825984,0,0,,50 days 00:03:09.843750,27593025.04143588,0.0,0.0
2017-09-20 15:41:06.170821120,0,0,,60 days 00:03:50.053710936,27593025.04143588,0.0,0.0
2017-09-20 15:41:06.170821120,0,0,,60 days 00:03:50.053710936,27593025.04143588,0.0,0.0
2017-09-20 15:41:06.170821120,0,0,,60 days 00:03:50.053710936,27593025.04143588,0.0,0.0
2017-09-20 15:41:06.170821120,0,0,,60 days 00:03:50.053710936,27593025.04143588,0.0,0.0
2017-09-20 15:41:06.170821120,0,0,,60 days 00:03:50.053710936,27593025.04143588,0.0,0.0
2017-09-20 15:41:06.170821120,0,0,,60 days 00:03:50.053710936,27593025.04143588,0.0,0.0
2017-09-20 15:41:06.170821120,0,0,,60 days 00:03:50.053710936,27593025.04143588,0.0,0.0
2017-09-20 15:41:06.170821120,0,0,,60 days 00:03:50.053710936,27593025.04143588,0.0,0.0
2017-09-20 15:41:06.170821120,0,0,,60 days 00:03:50.053710936,27593025.04143588,0.0,0.0
2017-09-25 03:29:50.170921984,0,0,,5 days 00:00:41.981506346,27683362.57715291,0.0,0.0
2017-09-25 03:30:30.170906880,0,0,,35 days 00:02:37.873535153,27683362.57715291,0.0,0.0
2017-09-25 03:30:30.170906880,0,0,,35 days 00:02:37.873535153,27683362.57715291,0.0,0.0
2017-09-25 03:30:30.170906880,0,0,,35 days 00:02:37.873535153,27683362.57715291,0.0,0.0
2017-09-25 03:30:30.170906880,0,0,,35 days 00:02:37.873535153,27683362.57715291,0.0,0.0
2017-09-25 03:30:30.170906880,0,0,,35 days 00:02:37.873535153,27683362.57715291,0.0,0.0
2017-09-25 03:30:30.170906880,0,0,,35 days 00:02:37.873535153,27683362.57715291,0.0,0.0
2017-09-25 03:30:30.170906880,0,0,,35 days 00:02:37.873535153,27683362.57715291,0.0,0.0
2017-09-25 03:30:30.170906880,0,0,,35 days 00:02:37.873535153,27683362.57715291,0.0,0.0
2017-09-25 03:30:30.170906880,0,0,,35 days 00:02:37.873535153,27683362.57715291,0.0,0.0
2017-09-25 09:51:25.825825024,0,0,,6 days 00:00:42.105102540,27683362.57715291,0.0,0.0
2017-09-25 09:51:52.442195968,0,1250,1138.2312,6 days 00:00:42.105102540,27683362.57715291,18000000.0,0.6502100295740593
2017-09-25 15:40:34.170905088,0,0,,40 days 00:03:09.843750,27683362.57715291,0.0,0.0
2017-09-25 15:40:34.170905088,0,0,,40 days 00:03:09.843750,27683362.57715291,0.0,0.0
2017-09-25 15:40:34.170905088,0,0,,40 days 00:03:09.843750,27683362.57715291,0.0,0.0
2017-09-25 15:40:34.170905088,0,0,,40 days 00:03:09.843750,27683362.57715291,0.0,0.0
2017-09-25 15:40:34.170905088,0,0,,40 days 00:03:09.843750,27683362.57715291,0.0,0.0
2017-09-25 15:40:34.170905088,0,0,,40 days 00:03:09.843750,27683362.57715291,0.0,0.0
2017-09-25 15:40:34.170905088,0,0,,40 days 00:03:09.843750,27683362.57715291,0.0,0.0
2017-09-25 15:40:34.170905088,0,0,,40 days 00:03:09.843750,27683362.57715291,0.0,0.0
2017-09-25 15:40:34.170905088,0,0,,40 days 00:03:09.843750,27683362.57715291,0.0,0.0
2017-09-25 15:40:34.170905088,0,0,,40 days 00:03:09.843750,27683362.57715291,0.0,0.0
2017-09-25 15:40:34.170905088,0,0,,40 days 00:03:09.843750,27683362.57715291,0.0,0.0
2017-09-25 15:40:34.170905088,0,0,,40 days 00:03:09.843750,27683362.57715291,0.0,0.0
2017-09-25 15:40:34.170905088,0,0,,40 days 00:03:09.843750,27683362.57715291,0.0,0.0
2017-09-25 15:40:34.170905088,0,0,,40 days 00:03:09.843750,27683362.57715291,0.0,0.0
2017-09-25 15:40:34.170905088,0,0,,40 days 00:03:09.843750,27683362.57715291,0.0,0.0
2017-09-25 15:40:34.170905088,0,0,,40 days 00:03:09.843750,27683362.57715291,0.0,0.0
2017-09-25 20:46:51.762831872,0,1254,1109.4601,12 days 00:00:00.329589846,27683362.57715291,18057600.0,0.6522907016686963
2017-09-25 20:47:16.587785984,0,0,,12 days 00:00:00.329589846,27683362.57715291,0.0,0.0
2018-02-28 09:51:22.967909888,0,0,,6 days 00:00:41.940307621,26925128.284483194,0.0,0.0
2018-02-28 09:51:49.582739968,0,1119,1451.2833,6 days 00:00:41.940307621,26925128.284483194,16113600.0,0.5984595441755493
2018-02-28 20:46:48.816621056,0,1002,1372.4001,12 days 00:00:00.082397459,26925128.284483194,14428800.0,0.5358860261518322
2018-02-28 20:47:13.641575168,0,0,,12 days 00:00:00.082397459,26925128.284483194,0.0,0.0
2018-06-10 03:38:40.180507904,0,0,,64 days 23:58:58.037109378,24374214.68905014,0.0,0.0
2018-06-10 03:38:40.180507904,0,0,,64 days 23:58:58.037109378,24374214.68905014,0.0,0.0
2018-06-10 03:38:40.180507904,0,0,,64 days 23:58:58.037109378,24374214.68905014,0.0,0.0
2018-06-10 03:38:40.180507904,0,0,,64 days 23:58:58.037109378,24374214.68905014,0.0,0.0
2018-06-10 03:38:40.180507904,0,0,,64 days 23:58:58.037109378,24374214.68905014,0.0,0.0
2018-06-10 03:38:40.180507904,0,0,,64 days 23:58:58.037109378,24374214.68905014,0.0,0.0
2018-06-10 03:38:40.180507904,0,0,,64 days 23:58:58.037109378,24374214.68905014,0.0,0.0
2018-06-10 03:38:40.180507904,0,0,,64 days 23:58:58.037109378,24374214.68905014,0.0,0.0
2018-06-10 03:38:40.180507904,0,0,,64 days 23:58:58.037109378,24374214.68905014,0.0,0.0
2018-06-10 03:38:40.180507904,0,0,,64 days 23:58:58.037109378,24374214.68905014,0.0,0.0
2018-06-10 03:38:40.180507904,0,0,,64 days 23:58:58.037109378,24374214.68905014,0.0,0.0
2018-06-10 03:38:40.180507904,0,0,,64 days 23:58:58.037109378,24374214.68905014,0.0,0.0
2018-06-10 03:38:40.180507904,0,0,,64 days 23:58:58.037109378,24374214.68905014,0.0,0.0
2018-06-10 03:38:40.180507904,0,0,,64 days 23:58:58.037109378,24374214.68905014,0.0,0.0
2018-06-10 03:38:40.180507904,0,0,,64 days 23:58:58.037109378,24374214.68905014,0.0,0.0
2018-06-10 03:38:40.180507904,0,0,,64 days 23:58:58.037109378,24374214.68905014,0.0,0.0
2018-06-10 03:38:40.180513024,0,0,,55 days 00:01:01.962890621,24374214.68905014,0.0,0.0
2018-06-10 03:38:40.180528128,0,0,,24 days 23:58:58.037109378,24374214.68905014,0.0,0.0
2018-06-10 03:38:40.180528128,0,0,,24 days 23:58:58.037109378,24374214.68905014,0.0,0.0
2018-06-10 03:38:40.180528128,0,0,,24 days 23:58:58.037109378,24374214.68905014,0.0,0.0
2018-06-10 03:38:40.180528128,0,0,,24 days 23:58:58.037109378,24374214.68905014,0.0,0.0
2018-06-10 03:38:45.180523008,0,0,,35 days 00:00:52.075195315,24374214.68905014,0.0,0.0
2018-06-10 03:38:45.180523008,0,0,,35 days 00:00:52.075195315,24374214.68905014,0.0,0.0
2018-06-10 03:38:45.180523008,0,0,,35 days 00:00:52.075195315,24374214.68905014,0.0,0.0
2018-06-10 03:38:45.180523008,0,0,,35 days 00:00:52.075195315,24374214.68905014,0.0,0.0
2018-06-10 03:38:45.180523008,0,0,,35 days 00:00:52.075195315,24374214.68905014,0.0,0.0
2018-06-10 03:38:45.180523008,0,0,,35 days 00:00:52.075195315,24374214.68905014,0.0,0.0
2018-06-10 03:38:45.180523008,0,0,,35 days 00:00:52.075195315,24374214.68905014,0.0,0.0
2018-06-10 03:38:45.180523008,0,0,,35 days 00:00:52.075195315,24374214.68905014,0.0,0.0
2018-06-10 03:38:45.180523008,0,0,,35 days 00:00:52.075195315,24374214.68905014,0.0,0.0
2018-06-10 03:38:45.180523008,0,0,,35 days 00:00:52.075195315,24374214.68905014,0.0,0.0
2018-06-10 03:38:45.180523008,0,0,,35 days 00:00:52.075195315,24374214.68905014,0.0,0.0
2018-06-10 03:38:45.180523008,0,0,,35 days 00:00:52.075195315,24374214.68905014,0.0,0.0
2018-06-10 03:38:45.180523008,0,0,,35 days 00:00:52.075195315,24374214.68905014,0.0,0.0
2018-06-10 03:38:45.180523008,0,0,,35 days 00:00:52.075195315,24374214.68905014,0.0,0.0
2018-06-10 03:38:45.180523008,0,0,,35 days 00:00:52.075195315,24374214.68905014,0.0,0.0
2018-06-10 03:38:45.180523008,0,0,,35 days 00:00:52.075195315,24374214.68905014,0.0,0.0
2018-06-10 03:38:45.180523008,0,0,,35 days 00:00:52.075195315,24374214.68905014,0.0,0.0
2018-06-10 03:38:45.180523008,0,0,,35 days 00:00:52.075195315,24374214.68905014,0.0,0.0
2018-06-10 03:38:45.180523008,0,0,,35 days 00:00:52.075195315,24374214.68905014,0.0,0.0
2018-06-10 03:38:45.180523008,0,0,,35 days 00:00:52.075195315,24374214.68905014,0.0,0.0
2018-06-10 03:38:45.180523008,0,0,,35 days 00:00:52.075195315,24374214.68905014,0.0,0.0
2018-06-10 03:38:45.180523008,0,0,,35 days 00:00:52.075195315,24374214.68905014,0.0,0.0
2018-06-10 03:38:45.180523008,0,0,,35 days 00:00:52.075195315,24374214.68905014,0.0,0.0
2018-06-10 03:38:45.180523008,0,0,,35 days 00:00:52.075195315,24374214.68905014,0.0,0.0
2018-06-10 03:38:45.180523008,0,0,,35 days 00:00:52.075195315,24374214.68905014,0.0,0.0
2018-06-10 03:39:15.180518144,0,0,,44 days 23:57:48.164062504,24374214.68905014,0.0,0.0
2018-06-10 03:39:15.180518144,0,0,,44 days 23:57:48.164062504,24374214.68905014,0.0,0.0
2018-06-10 03:39:15.180518144,0,0,,44 days 23:57:48.164062504,24374214.68905014,0.0,0.0
2018-06-10 03:39:15.180518144,0,0,,44 days 23:57:48.164062504,24374214.68905014,0.0,0.0
2018-06-10 03:39:15.180518144,0,0,,44 days 23:57:48.164062504,24374214.68905014,0.0,0.0
2018-06-10 03:39:15.180518144,0,0,,44 days 23:57:48.164062504,24374214.68905014,0.0,0.0
2018-06-10 03:39:15.180518144,0,0,,44 days 23:57:48.164062504,24374214.68905014,0.0,0.0
2018-06-10 03:39:15.180518144,0,0,,44 days 23:57:48.164062504,24374214.68905014,0.0,0.0
2018-06-10 03:39:15.180518144,0,0,,44 days 23:57:48.164062504,24374214.68905014,0.0,0.0
2018-06-10 09:51:26.924155648,0,0,,5 days 23:59:18.636474612,24374214.68905014,0.0,0.0
2018-06-10 09:51:53.544638720,0,1166,1582.5309,5 days 23:59:18.636474612,24374214.68905014,16790400.0,0.6888591166608091
2018-06-10 15:11:31.426681088,0,983,1574.1871,32 days 00:00:07.580566405,24374214.68905014,14155200.0,0.5807448642174746
2018-06-10 15:11:49.497711104,0,5,14.4,96 days 00:00:01.318359378,24374214.68905014,72000.0,0.0029539413235883756
2018-06-10 15:11:55.302894080,0,976,1560.4406,32 days 00:00:07.910156252,24374214.68905014,14054400.0,0.5766093463644509
2018-06-10 15:12:05.450355968,0,54,1371.9073,64 days 00:00:03.955078126,24374214.68905014,777600.0,0.03190256629475446
2018-06-10 15:49:11.180420864,0,0,,100 days 00:00:00,24374214.68905014,0.0,0.0
2018-06-10 15:49:11.180420864,0,0,,100 days 00:00:00,24374214.68905014,0.0,0.0
2018-06-10 15:49:11.180420864,0,0,,100 days 00:00:00,24374214.68905014,0.0,0.0
2018-06-10 15:49:11.180420864,0,0,,100 days 00:00:00,24374214.68905014,0.0,0.0
2018-06-10 15:49:11.180520960,0,0,,40 days 00:00:00,24374214.68905014,0.0,0.0
2018-06-10 15:49:11.180520960,0,0,,40 days 00:00:00,24374214.68905014,0.0,0.0
2018-06-10 15:49:11.180520960,0,0,,40 days 00:00:00,24374214.68905014,0.0,0.0
2018-06-10 15:49:11.180520960,0,0,,40 days 00:00:00,24374214.68905014,0.0,0.0
2018-06-10 20:46:52.798534912,0,966,1553.7246,24 days 00:00:01.647949216,24374214.68905014,13910400.0,0.5707014637172741
2018-06-10 20:47:34.769129984,0,1127,1578.8589,12 days 00:00:00.906372072,24374214.68905014,16228800.0,0.6658183743368198
2018-06-10 20:47:59.596653056,0,0,,12 days 00:00:00.906372072,24374214.68905014,0.0,0.0
2018-07-30 03:38:35.180701952,0,0,,55 days 00:00:52.075195315,25470062.956229735,0.0,0.0
2018-07-30 03:38:35.180701952,0,0,,55 days 00:00:52.075195315,25470062.956229735,0.0,0.0
2018-07-30 03:38:35.180701952,0,0,,55 days 00:00:52.075195315,25470062.956229735,0.0,0.0
2018-07-30 03:38:35.180701952,0,0,,55 days 00:00:52.075195315,25470062.956229735,0.0,0.0
2018-07-30 03:38:35.180701952,0,0,,55 days 00:00:52.075195315,25470062.956229735,0.0,0.0
2018-07-30 03:38:35.180701952,0,0,,55 days 00:00:52.075195315,25470062.956229735,0.0,0.0
2018-07-30 03:38:35.180701952,0,0,,55 days 00:00:52.075195315,25470062.956229735,0.0,0.0
2018-07-30 03:38:35.180701952,0,0,,55 days 00:00:52.075195315,25470062.956229735,0.0,0.0
2018-07-30 03:38:35.180701952,0,0,,55 days 00:00:52.075195315,25470062.956229735,0.0,0.0
2018-07-30 03:38:35.180701952,0,0,,55 days 00:00:52.075195315,25470062.956229735,0.0,0.0
2018-07-30 03:38:35.180701952,0,0,,55 days 00:00:52.075195315,25470062.956229735,0.0,0.0
2018-07-30 03:38:35.180701952,0,0,,55 days 00:00:52.075195315,25470062.956229735,0.0,0.0
2018-07-30 03:38:35.180701952,0,0,,55 days 00:00:52.075195315,25470062.956229735,0.0,0.0
2018-07-30 03:38:35.180701952,0,0,,55 days 00:00:52.075195315,25470062.956229735,0.0,0.0
2018-07-30 03:38:35.180701952,0,0,,55 days 00:00:52.075195315,25470062.956229735,0.0,0.0
2018-07-30 03:38:35.180701952,0,0,,55 days 00:00:52.075195315,25470062.956229735,0.0,0.0
2018-07-30 03:38:40.180706816,0,0,,44 days 23:58:58.037109378,25470062.956229735,0.0,0.0
2018-07-30 03:38:40.180706816,0,0,,44 days 23:58:58.037109378,25470062.956229735,0.0,0.0
2018-07-30 03:38:40.180706816,0,0,,44 days 23:58:58.037109378,25470062.956229735,0.0,0.0
2018-07-30 03:38:40.180706816,0,0,,44 days 23:58:58.037109378,25470062.956229735,0.0,0.0
2018-07-30 03:38:40.180706816,0,0,,44 days 23:58:58.037109378,25470062.956229735,0.0,0.0
2018-07-30 03:38:40.180706816,0,0,,44 days 23:58:58.037109378,25470062.956229735,0.0,0.0
2018-07-30 03:38:40.180706816,0,0,,44 days 23:58:58.037109378,25470062.956229735,0.0,0.0
2018-07-30 03:38:40.180706816,0,0,,44 days 23:58:58.037109378,25470062.956229735,0.0,0.0
2018-07-30 03:38:40.180706816,0,0,,44 days 23:58:58.037109378,25470062.956229735,0.0,0.0
2018-07-30 03:38:40.180711936,0,0,,35 days 00:01:01.962890621,25470062.956229735,0.0,0.0
2018-07-30 03:38:40.180711936,0,0,,35 days 00:01:01.962890621,25470062.956229735,0.0,0.0
2018-07-30 03:38:40.180711936,0,0,,35 days 00:01:01.962890621,25470062.956229735,0.0,0.0
2018-07-30 03:38:40.180711936,0,0,,35 days 00:01:01.962890621,25470062.956229735,0.0,0.0
2018-07-30 03:38:40.180711936,0,0,,35 days 00:01:01.962890621,25470062.956229735,0.0,0.0
2018-07-30 03:38:40.180711936,0,0,,35 days 00:01:01.962890621,25470062.956229735,0.0,0.0
2018-07-30 03:38:40.180711936,0,0,,35 days 00:01:01.962890621,25470062.956229735,0.0,0.0
2018-07-30 03:38:40.180711936,0,0,,35 days 00:01:01.962890621,25470062.956229735,0.0,0.0
2018-07-30 03:38:40.180711936,0,0,,35 days 00:01:01.962890621,25470062.956229735,0.0,0.0
2018-07-30 03:38:40.180711936,0,0,,35 days 00:01:01.962890621,25470062.956229735,0.0,0.0
2018-07-30 03:38:40.180711936,0,0,,35 days 00:01:01.962890621,25470062.956229735,0.0,0.0
2018-07-30 03:38:40.180711936,0,0,,35 days 00:01:01.962890621,25470062.956229735,0.0,0.0
2018-07-30 03:38:40.180711936,0,0,,35 days 00:01:01.962890621,25470062.956229735,0.0,0.0
2018-07-30 03:38:40.180711936,0,0,,35 days 00:01:01.962890621,25470062.956229735,0.0,0.0
2018-07-30 03:38:40.180711936,0,0,,35 days 00:01:01.962890621,25470062.956229735,0.0,0.0
2018-07-30 03:38:40.180711936,0,0,,35 days 00:01:01.962890621,25470062.956229735,0.0,0.0
2018-07-30 09:59:18.873661952,0,0,,36 days 00:00:02.307128909,25470062.956229735,0.0,0.0
2018-07-30 14:59:27.520497664,0,0,,96 days 00:00:46.142578126,25470062.956229735,0.0,0.0
2018-07-30 14:59:51.409419008,0,269,1452.4684,96 days 00:00:46.142578126,25470062.956229735,3873600.0,0.1520844297344995
2018-07-30 15:48:34.180614656,0,0,,90 days 00:00:50.097656252,25470062.956229735,0.0,0.0
2018-07-30 15:48:34.180614656,0,0,,90 days 00:00:50.097656252,25470062.956229735,0.0,0.0
2018-07-30 15:48:34.180614656,0,0,,90 days 00:00:50.097656252,25470062.956229735,0.0,0.0
2018-07-30 15:48:34.180614656,0,0,,90 days 00:00:50.097656252,25470062.956229735,0.0,0.0
2018-07-30 15:49:06.180610048,0,0,,100 days 00:00:09.887695315,25470062.956229735,0.0,0.0
2018-07-30 15:49:06.180610048,0,0,,100 days 00:00:09.887695315,25470062.956229735,0.0,0.0
2018-07-30 15:49:06.180610048,0,0,,100 days 00:00:09.887695315,25470062.956229735,0.0,0.0
2018-07-30 15:49:06.180610048,0,0,,100 days 00:00:09.887695315,25470062.956229735,0.0,0.0
2018-07-30 15:49:36.180620032,0,0,,79 days 23:58:50.126953126,25470062.956229735,0.0,0.0
2018-07-30 15:49:36.180620032,0,0,,79 days 23:58:50.126953126,25470062.956229735,0.0,0.0
2018-07-30 15:49:36.180620032,0,0,,79 days 23:58:50.126953126,25470062.956229735,0.0,0.0
2018-07-30 15:49:36.180620032,0,0,,79 days 23:58:50.126953126,25470062.956229735,0.0,0.0
2019-02-17 09:51:29.654233088,0,0,,5 days 23:59:18.265686031,23319927.57449493,0.0,0.0
2019-02-17 09:51:56.271118080,0,1051,1638.8069,5 days 23:59:18.265686031,23319927.57449493,15134400.0,0.6489900087233776
2019-02-17 09:51:56.588165120,0,46,1249.9565,53 days 23:59:17.482910153,23319927.57449493,662400.0,0.028404890962203017
2019-02-17 20:47:37.347333632,0,977,1573.3531,11 days 23:59:59.917602540,23319927.57449493,14068800.0,0.6032951841320076
2019-02-17 20:48:02.173829120,0,0,,11 days 23:59:59.917602540,23319927.57449493,0.0,0.0
2019-02-17 20:48:02.623494912,0,0,,59 days 23:59:59.011230468,23319927.57449493,0.0,0.0
2019-03-09 10:00:00.467109120,0,0,,11 days 23:59:59.917602540,26788271.54106373,0.0,0.0
2019-03-09 10:00:27.083994112,0,967,1554.0155,11 days 23:59:59.917602540,26788271.54106373,13924800.0,0.519809573329682
2020-02-06 09:51:43.053460992,0,0,,41 days 23:59:30.996093747,27606716.16237944,0.0,0.0
2020-02-06 09:51:43.060952064,0,0,,6 days 00:00:27.809143067,27606716.16237944,0.0,0.0
2020-02-06 09:51:56.362160896,0,504,1041.2837,41 days 23:59:04.299316405,27606716.16237944,7257600.0,0.2628925496720311
2020-02-06 09:51:56.369650944,0,1128,1214.5239,6 days 00:00:54.423522950,27606716.16237944,16243200.0,0.5883785635516886
2020-02-06 10:15:51.429522944,0,0,,47 days 23:59:58.681640621,27606716.16237944,0.0,0.0
2020-02-06 20:47:02.071155968,0,1030,1126.4457,11 days 23:59:59.670410153,27606716.16237944,14832000.0,0.537260567782127
2020-02-06 20:47:26.895596032,0,0,,11 days 23:59:59.670410153,27606716.16237944,0.0,0.0
